#
# There is insufficient memory for the Java Runtime Environment to continue.
# Native memory allocation (malloc) failed to allocate 1254736 bytes for Chunk::new
# Possible reasons:
#   The system is out of physical RAM or swap space
#   The process is running with CompressedOops enabled, and the Java Heap may be blocking the growth of the native heap
# Possible solutions:
#   Reduce memory load on the system
#   Increase physical memory or swap space
#   Check if swap backing store is full
#   Decrease Java heap size (-Xmx/-Xms)
#   Decrease number of Java threads
#   Decrease Java thread stack sizes (-Xss)
#   Set larger code cache with -XX:ReservedCodeCacheSize=
#   JVM is running with Unscaled Compressed Oops mode in which the Java heap is
#     placed in the first 4GB address space. The Java Heap base address is the
#     maximum limit for the native heap growth. Please use -XX:HeapBaseMinAddress
#     to set the Java Heap base and to place the Java Heap above 4GB virtual address.
# This output file may be truncated or incomplete.
#
#  Out of Memory Error (arena.cpp:168), pid=19764, tid=19760
#
# JRE version: Java(TM) SE Runtime Environment (21.0.8+12) (build 21.0.8+12-LTS-250)
# Java VM: Java HotSpot(TM) 64-Bit Server VM (21.0.8+12-LTS-250, mixed mode, sharing, tiered, compressed oops, compressed class ptrs, g1 gc, windows-amd64)
# No core dump will be written. Minidumps are not enabled by default on client versions of Windows
#

---------------  S U M M A R Y ------------

Command Line: --add-opens=java.base/java.lang=ALL-UNNAMED --add-opens=java.base/java.lang.invoke=ALL-UNNAMED --add-opens=java.base/java.util=ALL-UNNAMED --add-opens=java.prefs/java.util.prefs=ALL-UNNAMED --add-exports=jdk.compiler/com.sun.tools.javac.api=ALL-UNNAMED --add-exports=jdk.compiler/com.sun.tools.javac.util=ALL-UNNAMED --add-opens=java.base/java.util=ALL-UNNAMED --add-opens=java.prefs/java.util.prefs=ALL-UNNAMED --add-opens=java.base/java.nio.charset=ALL-UNNAMED --add-opens=java.base/java.net=ALL-UNNAMED --add-opens=java.base/java.util.concurrent.atomic=ALL-UNNAMED --add-opens=java.xml/javax.xml.namespace=ALL-UNNAMED -XX:MaxMetaspaceSize=1G -XX:ReservedCodeCacheSize=256m -XX:+HeapDumpOnOutOfMemoryError -Xmx2G -Dfile.encoding=UTF-8 -Duser.country=US -Duser.language=en -Duser.variant -javaagent:C:\Users\PC\.gradle\wrapper\dists\gradle-8.13-all\54h0s9kvb6g2sinako7ub77ku\gradle-8.13\lib\agents\gradle-instrumentation-agent-8.13.jar org.gradle.launcher.daemon.bootstrap.GradleDaemon 8.13

Host: 12th Gen Intel(R) Core(TM) i5-1235U, 12 cores, 7G,  Windows 11 , 64 bit Build 26100 (10.0.26100.8246)
Time: Sun May  3 21:57:01 2026 Greenwich elapsed time: 255.543221 seconds (0d 0h 4m 15s)

---------------  T H R E A D  ---------------

Current thread (0x000001244529fda0):  JavaThread "C2 CompilerThread0" daemon [_thread_in_native, id=19760, stack(0x00000018b9500000,0x00000018b9600000) (1024K)]


Current CompileTask:
C2: 255543 31356       4       org.gradle.api.internal.artifacts.transform.DefaultTransformInvocationFactory::createInvocation (273 bytes)

Stack: [0x00000018b9500000,0x00000018b9600000]
Native frames: (J=compiled Java code, j=interpreted, Vv=VM code, C=native code)
V  [jvm.dll+0x6cc179]
V  [jvm.dll+0x8584c1]
V  [jvm.dll+0x85a9ee]
V  [jvm.dll+0x85b0c3]
V  [jvm.dll+0x27ebf6]
V  [jvm.dll+0xc4f4d]
V  [jvm.dll+0xc5483]
V  [jvm.dll+0x3b6a82]
V  [jvm.dll+0x382a35]
V  [jvm.dll+0x381eaa]
V  [jvm.dll+0x247670]
V  [jvm.dll+0x246c4f]
V  [jvm.dll+0x1c7a3e]
V  [jvm.dll+0x256359]
V  [jvm.dll+0x2548ea]
V  [jvm.dll+0x3efef6]
V  [jvm.dll+0x80279b]
V  [jvm.dll+0x6ca85d]
C  [ucrtbase.dll+0x37b0]
C  [KERNEL32.DLL+0x2e8d7]
C  [ntdll.dll+0x8c3fc]


---------------  P R O C E S S  ---------------

Threads class SMR info:
_java_thread_list=0x000001241cf03430, length=132, elements={
0x00000124251dd360, 0x0000012445290020, 0x0000012445290a70, 0x0000012445298710,
0x000001244529b930, 0x000001244529cef0, 0x000001244529e4b0, 0x000001244529fda0,
0x00000124452aa3c0, 0x000001244547a880, 0x00000124455efb20, 0x000001247fefe700,
0x000001247ff28b80, 0x000001247ff781c0, 0x000001247feea0d0, 0x0000012400206580,
0x000001240004f070, 0x000001240004d630, 0x000001240004fd90, 0x000001240004f700,
0x000001240316e3d0, 0x000001240316f0f0, 0x000001240316d020, 0x000001240316fe10,
0x00000124031704a0, 0x000001240316ea60, 0x000001240316d6b0, 0x0000012403272d30,
0x0000012403271980, 0x0000012403273a50, 0x00000124032740e0, 0x0000012403274e00,
0x0000012403274770, 0x0000012403275490, 0x00000124032733c0, 0x0000012445b859d0,
0x000001241bc17170, 0x000001241bc18520, 0x000001240306d890, 0x000001240217be40,
0x000001240217c4d0, 0x0000012401edad90, 0x0000012401edb420, 0x0000012401edbab0,
0x0000012406cc0df0, 0x0000012406cc1480, 0x000001240217a400, 0x000001240217cb60,
0x0000012406bd0650, 0x0000012406cc1b10, 0x0000012406cc21a0, 0x000001240cc092d0,
0x000001240cc085b0, 0x000001240cc07f20, 0x000001240cc08c40, 0x000001241bab5bf0,
0x000001241bab4ed0, 0x000001241bab5560, 0x000001240de663d0, 0x0000012404f522f0,
0x0000012404f4fb90, 0x000001240de68b30, 0x000001240de67780, 0x0000012407c059e0,
0x0000012407c06700, 0x000001240de3f590, 0x000001240de3fc20, 0x000001240de40fd0,
0x000001240de41660, 0x000001240de41cf0, 0x000001240de3e870, 0x000001240de3ef00,
0x0000012406bcec10, 0x0000012406bcf2a0, 0x0000012400cd1cf0, 0x0000012400cd1660,
0x000001241bc0f9b0, 0x000001241bc0ec90, 0x000001241bc0df70, 0x000001241bc0f320,
0x000001241bc0cbc0, 0x000001241bc0c530, 0x0000012404f52980, 0x0000012404f515d0,
0x0000012404f50220, 0x000001241bc0d8e0, 0x0000012404f508b0, 0x0000012404f53010,
0x0000012406bcf930, 0x0000012406bcffc0, 0x0000012406bd0ce0, 0x000001241c779700,
0x000001241c779d90, 0x000001241c77a420, 0x000001241c779070, 0x000001241b3f9810,
0x000001241b3f8460, 0x000001240576e6c0, 0x000001240576ed50, 0x000001240576cc80,
0x000001240576c5f0, 0x000001240576b8d0, 0x000001240576bf60, 0x000001240576d310,
0x000001240576d9a0, 0x000001240576e030, 0x00000124021796e0, 0x000001240217aa90,
0x000001241bc0d250, 0x000001241bc0e600, 0x000001240d3880b0, 0x000001240d389460,
0x000001240d387a20, 0x000001240d387390, 0x000001240d388740, 0x000001240d386d00,
0x000001240d388dd0, 0x000001240d386670, 0x000001240d389af0, 0x000001240cf7b520,
0x000001240cf780a0, 0x000001241b3f70b0, 0x000001241b3f8af0, 0x000001241b3f7740,
0x000001241b3f9180, 0x000001241b3f7dd0, 0x000001241b3fa530, 0x000001241b3f9ea0,
0x000001241c90ccd0, 0x000001241c90e710, 0x000001241c90d9f0, 0x000001241c90d360
}

Java Threads: ( => current thread )
  0x00000124251dd360 JavaThread "main"                              [_thread_blocked, id=21960, stack(0x00000018b8700000,0x00000018b8800000) (1024K)]
  0x0000012445290020 JavaThread "Reference Handler"          daemon [_thread_blocked, id=20620, stack(0x00000018b8f00000,0x00000018b9000000) (1024K)]
  0x0000012445290a70 JavaThread "Finalizer"                  daemon [_thread_blocked, id=22380, stack(0x00000018b9000000,0x00000018b9100000) (1024K)]
  0x0000012445298710 JavaThread "Signal Dispatcher"          daemon [_thread_blocked, id=2144, stack(0x00000018b9100000,0x00000018b9200000) (1024K)]
  0x000001244529b930 JavaThread "Attach Listener"            daemon [_thread_blocked, id=21460, stack(0x00000018b9200000,0x00000018b9300000) (1024K)]
  0x000001244529cef0 JavaThread "Service Thread"             daemon [_thread_blocked, id=21880, stack(0x00000018b9300000,0x00000018b9400000) (1024K)]
  0x000001244529e4b0 JavaThread "Monitor Deflation Thread"   daemon [_thread_blocked, id=2900, stack(0x00000018b9400000,0x00000018b9500000) (1024K)]
=>0x000001244529fda0 JavaThread "C2 CompilerThread0"         daemon [_thread_in_native, id=19760, stack(0x00000018b9500000,0x00000018b9600000) (1024K)]
  0x00000124452aa3c0 JavaThread "C1 CompilerThread0"         daemon [_thread_blocked, id=22364, stack(0x00000018b9600000,0x00000018b9700000) (1024K)]
  0x000001244547a880 JavaThread "Common-Cleaner"             daemon [_thread_blocked, id=23224, stack(0x00000018b9700000,0x00000018b9800000) (1024K)]
  0x00000124455efb20 JavaThread "Notification Thread"        daemon [_thread_blocked, id=21388, stack(0x00000018b9800000,0x00000018b9900000) (1024K)]
  0x000001247fefe700 JavaThread "Daemon health stats"               [_thread_blocked, id=1432, stack(0x00000018b9f00000,0x00000018ba000000) (1024K)]
  0x000001247ff28b80 JavaThread "Incoming local TCP Connector on port 22723"        [_thread_in_native, id=13696, stack(0x00000018ba000000,0x00000018ba100000) (1024K)]
  0x000001247ff781c0 JavaThread "Daemon periodic checks"            [_thread_blocked, id=21876, stack(0x00000018ba100000,0x00000018ba200000) (1024K)]
  0x000001247feea0d0 JavaThread "Daemon"                            [_thread_blocked, id=21568, stack(0x00000018ba200000,0x00000018ba300000) (1024K)]
  0x0000012400206580 JavaThread "Daemon worker"                     [_thread_in_Java, id=22136, stack(0x00000018ba500000,0x00000018ba600000) (1024K)]
  0x000001240004f070 JavaThread "Cache worker for journal cache (C:\Users\PC\.gradle\caches\journal-1)"        [_thread_blocked, id=19696, stack(0x00000018ba900000,0x00000018baa00000) (1024K)]
  0x000001240004d630 JavaThread "File lock request listener"        [_thread_in_native, id=6936, stack(0x00000018baa00000,0x00000018bab00000) (1024K)]
  0x000001240004fd90 JavaThread "Cache worker for file hash cache (C:\Users\PC\.gradle\caches\8.13\fileHashes)"        [_thread_in_Java, id=22320, stack(0x00000018bab00000,0x00000018bac00000) (1024K)]
  0x000001240004f700 JavaThread "File lock release action executor"        [_thread_blocked, id=13320, stack(0x00000018bad00000,0x00000018bae00000) (1024K)]
  0x000001240316e3d0 JavaThread "File watcher server"        daemon [_thread_in_native, id=20800, stack(0x00000018bb600000,0x00000018bb700000) (1024K)]
  0x000001240316f0f0 JavaThread "File watcher consumer"      daemon [_thread_blocked, id=6624, stack(0x00000018bb700000,0x00000018bb800000) (1024K)]
  0x000001240316d020 JavaThread "jar transforms"                    [_thread_blocked, id=9196, stack(0x00000018bb800000,0x00000018bb900000) (1024K)]
  0x000001240316fe10 JavaThread "jar transforms Thread 2"           [_thread_blocked, id=23324, stack(0x00000018bb900000,0x00000018bba00000) (1024K)]
  0x00000124031704a0 JavaThread "jar transforms Thread 3"           [_thread_blocked, id=3780, stack(0x00000018bba00000,0x00000018bbb00000) (1024K)]
  0x000001240316ea60 JavaThread "jar transforms Thread 4"           [_thread_blocked, id=10588, stack(0x00000018bbb00000,0x00000018bbc00000) (1024K)]
  0x000001240316d6b0 JavaThread "jar transforms Thread 5"           [_thread_blocked, id=22964, stack(0x00000018bbc00000,0x00000018bbd00000) (1024K)]
  0x0000012403272d30 JavaThread "Cache worker for file content cache (C:\Users\PC\.gradle\caches\8.13\fileContent)"        [_thread_blocked, id=4484, stack(0x00000018bbe00000,0x00000018bbf00000) (1024K)]
  0x0000012403271980 JavaThread "jar transforms Thread 6"           [_thread_blocked, id=22556, stack(0x00000018bbf00000,0x00000018bc000000) (1024K)]
  0x0000012403273a50 JavaThread "jar transforms Thread 7"           [_thread_blocked, id=20448, stack(0x00000018bc000000,0x00000018bc100000) (1024K)]
  0x00000124032740e0 JavaThread "jar transforms Thread 8"           [_thread_blocked, id=1640, stack(0x00000018bc100000,0x00000018bc200000) (1024K)]
  0x0000012403274e00 JavaThread "jar transforms Thread 9"           [_thread_blocked, id=17232, stack(0x00000018bc200000,0x00000018bc300000) (1024K)]
  0x0000012403274770 JavaThread "jar transforms Thread 10"          [_thread_blocked, id=22544, stack(0x00000018bc300000,0x00000018bc400000) (1024K)]
  0x0000012403275490 JavaThread "jar transforms Thread 11"          [_thread_blocked, id=16836, stack(0x00000018bc400000,0x00000018bc500000) (1024K)]
  0x00000124032733c0 JavaThread "jar transforms Thread 12"          [_thread_blocked, id=22148, stack(0x00000018bc500000,0x00000018bc600000) (1024K)]
  0x0000012445b859d0 JavaThread "Memory manager"                    [_thread_blocked, id=22644, stack(0x00000018bea00000,0x00000018beb00000) (1024K)]
  0x000001241bc17170 JavaThread "included builds Thread 2"          [_thread_blocked, id=23048, stack(0x00000018c4d00000,0x00000018c4e00000) (1024K)]
  0x000001241bc18520 JavaThread "VFS cleanup"                       [_thread_blocked, id=8428, stack(0x00000018b8300000,0x00000018b8400000) (1024K)]
  0x000001240306d890 JavaThread "included builds"                   [_thread_blocked, id=23484, stack(0x00000018bdd00000,0x00000018bde00000) (1024K)]
  0x000001240217be40 JavaThread "Handler for socket connection from /127.0.0.1:22723 to /127.0.0.1:5857"        [_thread_in_native, id=20276, stack(0x00000018b8400000,0x00000018b8500000) (1024K)]
  0x000001240217c4d0 JavaThread "Cancel handler"                    [_thread_blocked, id=22272, stack(0x00000018b8500000,0x00000018b8600000) (1024K)]
  0x0000012401edad90 JavaThread "Asynchronous log dispatcher for DefaultDaemonConnection: socket connection from /127.0.0.1:22723 to /127.0.0.1:5857"        [_thread_blocked, id=22448, stack(0x00000018ba300000,0x00000018ba400000) (1024K)]
  0x0000012401edb420 JavaThread "Stdin handler"                     [_thread_blocked, id=21656, stack(0x00000018ba400000,0x00000018ba500000) (1024K)]
  0x0000012401edbab0 JavaThread "Daemon client event forwarder"        [_thread_blocked, id=21560, stack(0x00000018ba600000,0x00000018ba700000) (1024K)]
  0x0000012406cc0df0 JavaThread "Cache worker for file hash cache (C:\Users\PC\Blocknoti-TP-Flutter-\android\.gradle\8.13\fileHashes)"        [_thread_blocked, id=2592, stack(0x00000018ba700000,0x00000018ba800000) (1024K)]
  0x0000012406cc1480 JavaThread "Cache worker for Build Output Cleanup Cache (C:\Users\PC\Blocknoti-TP-Flutter-\android\.gradle\buildOutputCleanup)"        [_thread_blocked, id=20980, stack(0x00000018ba800000,0x00000018ba900000) (1024K)]
  0x000001240217a400 JavaThread "Cache worker for checksums cache (C:\Users\PC\Blocknoti-TP-Flutter-\android\.gradle\8.13\checksums)"        [_thread_blocked, id=8440, stack(0x00000018bac00000,0x00000018bad00000) (1024K)]
  0x000001240217cb60 JavaThread "Cache worker for cache directory md-supplier (C:\Users\PC\.gradle\caches\8.13\md-supplier)"        [_thread_blocked, id=20156, stack(0x00000018bb400000,0x00000018bb500000) (1024K)]
  0x0000012406bd0650 JavaThread "Cache worker for cache directory md-rule (C:\Users\PC\.gradle\caches\8.13\md-rule)"        [_thread_blocked, id=3164, stack(0x00000018bb500000,0x00000018bb600000) (1024K)]
  0x0000012406cc1b10 JavaThread "Cache worker for Build Output Cleanup Cache (C:\src\flutter\packages\flutter_tools\gradle\.gradle\buildOutputCleanup)"        [_thread_blocked, id=22084, stack(0x00000018bbd00000,0x00000018bbe00000) (1024K)]
  0x0000012406cc21a0 JavaThread "Unconstrained build operations"        [_thread_blocked, id=14172, stack(0x00000018bc600000,0x00000018bc700000) (1024K)]
  0x000001240cc092d0 JavaThread "Unconstrained build operations Thread 2"        [_thread_blocked, id=19932, stack(0x00000018bc700000,0x00000018bc800000) (1024K)]
  0x000001240cc085b0 JavaThread "Unconstrained build operations Thread 3"        [_thread_blocked, id=21696, stack(0x00000018bc800000,0x00000018bc900000) (1024K)]
  0x000001240cc07f20 JavaThread "Unconstrained build operations Thread 4"        [_thread_blocked, id=13348, stack(0x00000018bc900000,0x00000018bca00000) (1024K)]
  0x000001240cc08c40 JavaThread "Unconstrained build operations Thread 5"        [_thread_blocked, id=10256, stack(0x00000018bca00000,0x00000018bcb00000) (1024K)]
  0x000001241bab5bf0 JavaThread "Unconstrained build operations Thread 6"        [_thread_blocked, id=21576, stack(0x00000018bcb00000,0x00000018bcc00000) (1024K)]
  0x000001241bab4ed0 JavaThread "Unconstrained build operations Thread 7"        [_thread_blocked, id=21784, stack(0x00000018bcc00000,0x00000018bcd00000) (1024K)]
  0x000001241bab5560 JavaThread "Unconstrained build operations Thread 8"        [_thread_blocked, id=18896, stack(0x00000018bcd00000,0x00000018bce00000) (1024K)]
  0x000001240de663d0 JavaThread "Unconstrained build operations Thread 9"        [_thread_blocked, id=23036, stack(0x00000018bce00000,0x00000018bcf00000) (1024K)]
  0x0000012404f522f0 JavaThread "Unconstrained build operations Thread 10"        [_thread_blocked, id=23144, stack(0x00000018bcf00000,0x00000018bd000000) (1024K)]
  0x0000012404f4fb90 JavaThread "Unconstrained build operations Thread 11"        [_thread_blocked, id=4696, stack(0x00000018bd000000,0x00000018bd100000) (1024K)]
  0x000001240de68b30 JavaThread "Unconstrained build operations Thread 12"        [_thread_blocked, id=2272, stack(0x00000018bd100000,0x00000018bd200000) (1024K)]
  0x000001240de67780 JavaThread "Unconstrained build operations Thread 13"        [_thread_blocked, id=5488, stack(0x00000018bd200000,0x00000018bd300000) (1024K)]
  0x0000012407c059e0 JavaThread "Unconstrained build operations Thread 14"        [_thread_blocked, id=20632, stack(0x00000018bd300000,0x00000018bd400000) (1024K)]
  0x0000012407c06700 JavaThread "Unconstrained build operations Thread 15"        [_thread_blocked, id=19844, stack(0x00000018bd400000,0x00000018bd500000) (1024K)]
  0x000001240de3f590 JavaThread "Unconstrained build operations Thread 16"        [_thread_blocked, id=10344, stack(0x00000018bd500000,0x00000018bd600000) (1024K)]
  0x000001240de3fc20 JavaThread "Unconstrained build operations Thread 17"        [_thread_blocked, id=3288, stack(0x00000018bd600000,0x00000018bd700000) (1024K)]
  0x000001240de40fd0 JavaThread "Unconstrained build operations Thread 18"        [_thread_blocked, id=22392, stack(0x00000018bd700000,0x00000018bd800000) (1024K)]
  0x000001240de41660 JavaThread "Unconstrained build operations Thread 19"        [_thread_blocked, id=11312, stack(0x00000018bd800000,0x00000018bd900000) (1024K)]
  0x000001240de41cf0 JavaThread "Unconstrained build operations Thread 20"        [_thread_blocked, id=22152, stack(0x00000018bd900000,0x00000018bda00000) (1024K)]
  0x000001240de3e870 JavaThread "Unconstrained build operations Thread 21"        [_thread_blocked, id=21936, stack(0x00000018bda00000,0x00000018bdb00000) (1024K)]
  0x000001240de3ef00 JavaThread "Unconstrained build operations Thread 22"        [_thread_blocked, id=1684, stack(0x00000018bdb00000,0x00000018bdc00000) (1024K)]
  0x0000012406bcec10 JavaThread "build event listener"              [_thread_blocked, id=23000, stack(0x00000018bdc00000,0x00000018bdd00000) (1024K)]
  0x0000012406bcf2a0 JavaThread "included builds"                   [_thread_blocked, id=19520, stack(0x00000018bde00000,0x00000018bdf00000) (1024K)]
  0x0000012400cd1cf0 JavaThread "Execution worker"                  [_thread_blocked, id=19648, stack(0x00000018bdf00000,0x00000018be000000) (1024K)]
  0x0000012400cd1660 JavaThread "Execution worker Thread 2"         [_thread_blocked, id=23084, stack(0x00000018be000000,0x00000018be100000) (1024K)]
  0x000001241bc0f9b0 JavaThread "Execution worker Thread 3"         [_thread_blocked, id=18108, stack(0x00000018be100000,0x00000018be200000) (1024K)]
  0x000001241bc0ec90 JavaThread "Execution worker Thread 4"         [_thread_blocked, id=20064, stack(0x00000018be200000,0x00000018be300000) (1024K)]
  0x000001241bc0df70 JavaThread "Execution worker Thread 5"         [_thread_blocked, id=20076, stack(0x00000018be300000,0x00000018be400000) (1024K)]
  0x000001241bc0f320 JavaThread "Execution worker Thread 6"         [_thread_blocked, id=15580, stack(0x00000018be400000,0x00000018be500000) (1024K)]
  0x000001241bc0cbc0 JavaThread "Execution worker Thread 7"         [_thread_blocked, id=7164, stack(0x00000018be500000,0x00000018be600000) (1024K)]
  0x000001241bc0c530 JavaThread "Execution worker Thread 8"         [_thread_blocked, id=9624, stack(0x00000018be600000,0x00000018be700000) (1024K)]
  0x0000012404f52980 JavaThread "Execution worker Thread 9"         [_thread_blocked, id=15016, stack(0x00000018be700000,0x00000018be800000) (1024K)]
  0x0000012404f515d0 JavaThread "Execution worker Thread 10"        [_thread_blocked, id=22916, stack(0x00000018be800000,0x00000018be900000) (1024K)]
  0x0000012404f50220 JavaThread "Execution worker Thread 11"        [_thread_blocked, id=23412, stack(0x00000018be900000,0x00000018bea00000) (1024K)]
  0x000001241bc0d8e0 JavaThread "Cache worker for execution history cache (C:\src\flutter\packages\flutter_tools\gradle\.gradle\8.13\executionHistory)"        [_thread_blocked, id=23492, stack(0x00000018beb00000,0x00000018bec00000) (1024K)]
  0x0000012404f508b0 JavaThread "Unconstrained build operations Thread 23"        [_thread_blocked, id=14108, stack(0x00000018bec00000,0x00000018bed00000) (1024K)]
  0x0000012404f53010 JavaThread "Unconstrained build operations Thread 24"        [_thread_blocked, id=23300, stack(0x00000018bed00000,0x00000018bee00000) (1024K)]
  0x0000012406bcf930 JavaThread "Unconstrained build operations Thread 25"        [_thread_blocked, id=19080, stack(0x00000018bee00000,0x00000018bef00000) (1024K)]
  0x0000012406bcffc0 JavaThread "Unconstrained build operations Thread 26"        [_thread_blocked, id=19044, stack(0x00000018bef00000,0x00000018bf000000) (1024K)]
  0x0000012406bd0ce0 JavaThread "Unconstrained build operations Thread 27"        [_thread_blocked, id=6288, stack(0x00000018bf000000,0x00000018bf100000) (1024K)]
  0x000001241c779700 JavaThread "Unconstrained build operations Thread 28"        [_thread_blocked, id=13052, stack(0x00000018bf100000,0x00000018bf200000) (1024K)]
  0x000001241c779d90 JavaThread "Unconstrained build operations Thread 29"        [_thread_blocked, id=23456, stack(0x00000018bf200000,0x00000018bf300000) (1024K)]
  0x000001241c77a420 JavaThread "Unconstrained build operations Thread 30"        [_thread_blocked, id=23416, stack(0x00000018bf300000,0x00000018bf400000) (1024K)]
  0x000001241c779070 JavaThread "Unconstrained build operations Thread 31"        [_thread_blocked, id=22440, stack(0x00000018bf400000,0x00000018bf500000) (1024K)]
  0x000001241b3f9810 JavaThread "Unconstrained build operations Thread 32"        [_thread_blocked, id=2096, stack(0x00000018bf500000,0x00000018bf600000) (1024K)]
  0x000001241b3f8460 JavaThread "Unconstrained build operations Thread 33"        [_thread_blocked, id=20832, stack(0x00000018bf600000,0x00000018bf700000) (1024K)]
  0x000001240576e6c0 JavaThread "Unconstrained build operations Thread 34"        [_thread_blocked, id=19144, stack(0x00000018bf700000,0x00000018bf800000) (1024K)]
  0x000001240576ed50 JavaThread "Unconstrained build operations Thread 35"        [_thread_blocked, id=21364, stack(0x00000018bf800000,0x00000018bf900000) (1024K)]
  0x000001240576cc80 JavaThread "Unconstrained build operations Thread 36"        [_thread_blocked, id=21760, stack(0x00000018bf900000,0x00000018bfa00000) (1024K)]
  0x000001240576c5f0 JavaThread "Unconstrained build operations Thread 37"        [_thread_blocked, id=22752, stack(0x00000018bfa00000,0x00000018bfb00000) (1024K)]
  0x000001240576b8d0 JavaThread "Unconstrained build operations Thread 38"        [_thread_blocked, id=23404, stack(0x00000018bfb00000,0x00000018bfc00000) (1024K)]
  0x000001240576bf60 JavaThread "Unconstrained build operations Thread 39"        [_thread_blocked, id=21664, stack(0x00000018bfc00000,0x00000018bfd00000) (1024K)]
  0x000001240576d310 JavaThread "Unconstrained build operations Thread 40"        [_thread_blocked, id=13444, stack(0x00000018bfd00000,0x00000018bfe00000) (1024K)]
  0x000001240576d9a0 JavaThread "Unconstrained build operations Thread 41"        [_thread_blocked, id=6444, stack(0x00000018bfe00000,0x00000018bff00000) (1024K)]
  0x000001240576e030 JavaThread "Unconstrained build operations Thread 42"        [_thread_blocked, id=21792, stack(0x00000018bff00000,0x00000018c0000000) (1024K)]
  0x00000124021796e0 JavaThread "Unconstrained build operations Thread 43"        [_thread_blocked, id=16296, stack(0x00000018c0000000,0x00000018c0100000) (1024K)]
  0x000001240217aa90 JavaThread "Unconstrained build operations Thread 44"        [_thread_blocked, id=19012, stack(0x00000018c0100000,0x00000018c0200000) (1024K)]
  0x000001241bc0d250 JavaThread "Unconstrained build operations Thread 45"        [_thread_blocked, id=18728, stack(0x00000018c0200000,0x00000018c0300000) (1024K)]
  0x000001241bc0e600 JavaThread "Unconstrained build operations Thread 46"        [_thread_blocked, id=13140, stack(0x00000018c0300000,0x00000018c0400000) (1024K)]
  0x000001240d3880b0 JavaThread "Unconstrained build operations Thread 47"        [_thread_blocked, id=17272, stack(0x00000018c0400000,0x00000018c0500000) (1024K)]
  0x000001240d389460 JavaThread "Unconstrained build operations Thread 48"        [_thread_blocked, id=22168, stack(0x00000018c0500000,0x00000018c0600000) (1024K)]
  0x000001240d387a20 JavaThread "Unconstrained build operations Thread 49"        [_thread_blocked, id=21316, stack(0x00000018c0600000,0x00000018c0700000) (1024K)]
  0x000001240d387390 JavaThread "Unconstrained build operations Thread 50"        [_thread_blocked, id=18848, stack(0x00000018c0700000,0x00000018c0800000) (1024K)]
  0x000001240d388740 JavaThread "Unconstrained build operations Thread 51"        [_thread_blocked, id=10484, stack(0x00000018c0800000,0x00000018c0900000) (1024K)]
  0x000001240d386d00 JavaThread "Unconstrained build operations Thread 52"        [_thread_blocked, id=19104, stack(0x00000018c0900000,0x00000018c0a00000) (1024K)]
  0x000001240d388dd0 JavaThread "Unconstrained build operations Thread 53"        [_thread_blocked, id=4184, stack(0x00000018c0a00000,0x00000018c0b00000) (1024K)]
  0x000001240d386670 JavaThread "Unconstrained build operations Thread 54"        [_thread_blocked, id=19100, stack(0x00000018c0b00000,0x00000018c0c00000) (1024K)]
  0x000001240d389af0 JavaThread "Unconstrained build operations Thread 55"        [_thread_blocked, id=20368, stack(0x00000018c0c00000,0x00000018c0d00000) (1024K)]
  0x000001240cf7b520 JavaThread "Unconstrained build operations Thread 56"        [_thread_blocked, id=23260, stack(0x00000018c0d00000,0x00000018c0e00000) (1024K)]
  0x000001240cf780a0 JavaThread "Unconstrained build operations Thread 57"        [_thread_blocked, id=19208, stack(0x00000018c0e00000,0x00000018c0f00000) (1024K)]
  0x000001241b3f70b0 JavaThread "Unconstrained build operations Thread 58"        [_thread_in_native, id=12060, stack(0x00000018c0f00000,0x00000018c1000000) (1024K)]
  0x000001241b3f8af0 JavaThread "Unconstrained build operations Thread 59"        [_thread_in_native, id=18516, stack(0x00000018c1000000,0x00000018c1100000) (1024K)]
  0x000001241b3f7740 JavaThread "Unconstrained build operations Thread 60"        [_thread_in_native, id=22436, stack(0x00000018c1100000,0x00000018c1200000) (1024K)]
  0x000001241b3f9180 JavaThread "Unconstrained build operations Thread 61"        [_thread_in_native, id=22560, stack(0x00000018c1200000,0x00000018c1300000) (1024K)]
  0x000001241b3f7dd0 JavaThread "Unconstrained build operations Thread 62"        [_thread_in_native, id=20840, stack(0x00000018c1300000,0x00000018c1400000) (1024K)]
  0x000001241b3fa530 JavaThread "Unconstrained build operations Thread 63"        [_thread_in_native, id=3388, stack(0x00000018c1400000,0x00000018c1500000) (1024K)]
  0x000001241b3f9ea0 JavaThread "Unconstrained build operations Thread 64"        [_thread_in_native, id=22276, stack(0x00000018c1500000,0x00000018c1600000) (1024K)]
  0x000001241c90ccd0 JavaThread "Unconstrained build operations Thread 65"        [_thread_in_native, id=18760, stack(0x00000018c1600000,0x00000018c1700000) (1024K)]
  0x000001241c90e710 JavaThread "Unconstrained build operations Thread 66"        [_thread_in_native, id=3836, stack(0x00000018c1700000,0x00000018c1800000) (1024K)]
  0x000001241c90d9f0 JavaThread "Unconstrained build operations Thread 67"        [_thread_in_native, id=14980, stack(0x00000018c1800000,0x00000018c1900000) (1024K)]
  0x000001241c90d360 JavaThread "Unconstrained build operations Thread 68"        [_thread_in_native, id=21612, stack(0x00000018c1900000,0x00000018c1a00000) (1024K)]
Total: 132

Other Threads:
  0x000001244526ef10 VMThread "VM Thread"                           [id=20852, stack(0x00000018b8e00000,0x00000018b8f00000) (1024K)]
  0x000001244525d4e0 WatcherThread "VM Periodic Task Thread"        [id=17264, stack(0x00000018b8d00000,0x00000018b8e00000) (1024K)]
  0x00000124256b0f30 WorkerThread "GC Thread#0"                     [id=5164, stack(0x00000018b8800000,0x00000018b8900000) (1024K)]
  0x0000012445cd33d0 WorkerThread "GC Thread#1"                     [id=21212, stack(0x00000018b9b00000,0x00000018b9c00000) (1024K)]
  0x0000012445710570 WorkerThread "GC Thread#2"                     [id=21788, stack(0x00000018b9c00000,0x00000018b9d00000) (1024K)]
  0x0000012445a71b30 WorkerThread "GC Thread#3"                     [id=20792, stack(0x00000018b9d00000,0x00000018b9e00000) (1024K)]
  0x000001247f53a390 WorkerThread "GC Thread#4"                     [id=20704, stack(0x00000018b9e00000,0x00000018b9f00000) (1024K)]
  0x000001247f539510 WorkerThread "GC Thread#5"                     [id=20380, stack(0x00000018b9a00000,0x00000018b9b00000) (1024K)]
  0x000001247f539ff0 WorkerThread "GC Thread#6"                     [id=14936, stack(0x00000018bae00000,0x00000018baf00000) (1024K)]
  0x000001247f539c50 WorkerThread "GC Thread#7"                     [id=16544, stack(0x00000018baf00000,0x00000018bb000000) (1024K)]
  0x00000124025b77a0 WorkerThread "GC Thread#8"                     [id=22768, stack(0x00000018bb000000,0x00000018bb100000) (1024K)]
  0x00000124025b4fc0 WorkerThread "GC Thread#9"                     [id=15896, stack(0x00000018bb100000,0x00000018bb200000) (1024K)]
  0x00000124256c1e20 ConcurrentGCThread "G1 Main Marker"            [id=21056, stack(0x00000018b8900000,0x00000018b8a00000) (1024K)]
  0x00000124256c2830 WorkerThread "G1 Conc#0"                       [id=3556, stack(0x00000018b8a00000,0x00000018b8b00000) (1024K)]
  0x00000124025b7b40 WorkerThread "G1 Conc#1"                       [id=20744, stack(0x00000018bb200000,0x00000018bb300000) (1024K)]
  0x00000124025b5e40 WorkerThread "G1 Conc#2"                       [id=19892, stack(0x00000018bb300000,0x00000018bb400000) (1024K)]
  0x00000124451311d0 ConcurrentGCThread "G1 Refine#0"               [id=18052, stack(0x00000018b8b00000,0x00000018b8c00000) (1024K)]
  0x00000124451319f0 ConcurrentGCThread "G1 Service"                [id=20024, stack(0x00000018b8c00000,0x00000018b8d00000) (1024K)]
Total: 18

Threads with active compile tasks:
C2 CompilerThread0   256098 31356       4       org.gradle.api.internal.artifacts.transform.DefaultTransformInvocationFactory::createInvocation (273 bytes)
Total: 1

VM state: not at safepoint (normal execution)

VM Mutex/Monitor currently owned by a thread: None

Heap address: 0x0000000080000000, size: 2048 MB, Compressed Oops mode: 32-bit

CDS archive(s) mapped at: [0x0000012446000000-0x0000012446c90000-0x0000012446c90000), size 13172736, SharedBaseAddress: 0x0000012446000000, ArchiveRelocationMode: 1.
Compressed class space mapped at: 0x0000012447000000-0x000001247b000000, reserved size: 872415232
Narrow klass base: 0x0000012446000000, Narrow klass shift: 0, Narrow klass range: 0x100000000

GC Precious Log:
 CardTable entry size: 512
 Card Set container configuration: InlinePtr #cards 5 size 8 Array Of Cards #cards 12 size 40 Howl #buckets 4 coarsen threshold 1843 Howl Bitmap #cards 512 size 80 coarsen threshold 460 Card regions per heap region 1 cards per card region 2048
 CPUs: 12 total, 12 available
 Memory: 7863M
 Large Page Support: Disabled
 NUMA Support: Disabled
 Compressed Oops: Enabled (32-bit)
 Heap Region Size: 1M
 Heap Min Capacity: 8M
 Heap Initial Capacity: 124M
 Heap Max Capacity: 2G
 Pre-touch: Disabled
 Parallel Workers: 10
 Concurrent Workers: 3
 Concurrent Refinement Workers: 10
 Periodic GC: Disabled

Heap:
 garbage-first heap   total 629760K, used 535448K [0x0000000080000000, 0x0000000100000000)
  region size 1024K, 234 young (239616K), 5 survivors (5120K)
 Metaspace       used 200935K, committed 204160K, reserved 1048576K
  class space    used 25969K, committed 27584K, reserved 851968K

Heap Regions: E=young(eden), S=young(survivor), O=old, HS=humongous(starts), HC=humongous(continues), CS=collection set, F=free, TAMS=top-at-mark-start, PB=parsable bottom
|   0|0x0000000080000000, 0x0000000080100000, 0x0000000080100000|100%|HS|  |TAMS 0x0000000080000000| PB 0x0000000080000000| Complete 
|   1|0x0000000080100000, 0x0000000080200000, 0x0000000080200000|100%|HC|  |TAMS 0x0000000080100000| PB 0x0000000080100000| Complete 
|   2|0x0000000080200000, 0x0000000080300000, 0x0000000080300000|100%|HC|  |TAMS 0x0000000080200000| PB 0x0000000080200000| Complete 
|   3|0x0000000080300000, 0x0000000080400000, 0x0000000080400000|100%| O|  |TAMS 0x0000000080300000| PB 0x0000000080300000| Untracked 
|   4|0x0000000080400000, 0x0000000080500000, 0x0000000080500000|100%| O|  |TAMS 0x0000000080400000| PB 0x0000000080400000| Untracked 
|   5|0x0000000080500000, 0x0000000080600000, 0x0000000080600000|100%| O|  |TAMS 0x0000000080500000| PB 0x0000000080500000| Untracked 
|   6|0x0000000080600000, 0x0000000080700000, 0x0000000080700000|100%|HS|  |TAMS 0x0000000080600000| PB 0x0000000080600000| Complete 
|   7|0x0000000080700000, 0x0000000080800000, 0x0000000080800000|100%| O|  |TAMS 0x0000000080700000| PB 0x0000000080700000| Untracked 
|   8|0x0000000080800000, 0x0000000080900000, 0x0000000080900000|100%| O|  |TAMS 0x0000000080800000| PB 0x0000000080800000| Untracked 
|   9|0x0000000080900000, 0x0000000080a00000, 0x0000000080a00000|100%| O|  |TAMS 0x0000000080900000| PB 0x0000000080900000| Untracked 
|  10|0x0000000080a00000, 0x0000000080b00000, 0x0000000080b00000|100%| O|  |TAMS 0x0000000080a00000| PB 0x0000000080a00000| Untracked 
|  11|0x0000000080b00000, 0x0000000080c00000, 0x0000000080c00000|100%| O|  |TAMS 0x0000000080b00000| PB 0x0000000080b00000| Untracked 
|  12|0x0000000080c00000, 0x0000000080d00000, 0x0000000080d00000|100%| O|  |TAMS 0x0000000080c00000| PB 0x0000000080c00000| Untracked 
|  13|0x0000000080d00000, 0x0000000080e00000, 0x0000000080e00000|100%| O|  |TAMS 0x0000000080d00000| PB 0x0000000080d00000| Untracked 
|  14|0x0000000080e00000, 0x0000000080f00000, 0x0000000080f00000|100%| O|  |TAMS 0x0000000080e00000| PB 0x0000000080e00000| Untracked 
|  15|0x0000000080f00000, 0x0000000081000000, 0x0000000081000000|100%| O|  |TAMS 0x0000000080f00000| PB 0x0000000080f00000| Untracked 
|  16|0x0000000081000000, 0x0000000081100000, 0x0000000081100000|100%| O|  |TAMS 0x0000000081000000| PB 0x0000000081000000| Untracked 
|  17|0x0000000081100000, 0x0000000081200000, 0x0000000081200000|100%| O|  |TAMS 0x0000000081100000| PB 0x0000000081100000| Untracked 
|  18|0x0000000081200000, 0x0000000081300000, 0x0000000081300000|100%| O|  |TAMS 0x0000000081200000| PB 0x0000000081200000| Untracked 
|  19|0x0000000081300000, 0x0000000081400000, 0x0000000081400000|100%| O|  |TAMS 0x0000000081300000| PB 0x0000000081300000| Untracked 
|  20|0x0000000081400000, 0x0000000081500000, 0x0000000081500000|100%| O|  |TAMS 0x0000000081400000| PB 0x0000000081400000| Untracked 
|  21|0x0000000081500000, 0x0000000081600000, 0x0000000081600000|100%| O|Cm|TAMS 0x0000000081500000| PB 0x0000000081500000| Complete 
|  22|0x0000000081600000, 0x0000000081700000, 0x0000000081700000|100%| O|  |TAMS 0x0000000081600000| PB 0x0000000081600000| Untracked 
|  23|0x0000000081700000, 0x0000000081800000, 0x0000000081800000|100%| O|  |TAMS 0x0000000081700000| PB 0x0000000081700000| Untracked 
|  24|0x0000000081800000, 0x0000000081900000, 0x0000000081900000|100%| O|  |TAMS 0x0000000081800000| PB 0x0000000081800000| Untracked 
|  25|0x0000000081900000, 0x0000000081a00000, 0x0000000081a00000|100%| O|  |TAMS 0x0000000081900000| PB 0x0000000081900000| Untracked 
|  26|0x0000000081a00000, 0x0000000081b00000, 0x0000000081b00000|100%| O|  |TAMS 0x0000000081a00000| PB 0x0000000081a00000| Untracked 
|  27|0x0000000081b00000, 0x0000000081c00000, 0x0000000081c00000|100%| O|  |TAMS 0x0000000081b00000| PB 0x0000000081b00000| Untracked 
|  28|0x0000000081c00000, 0x0000000081d00000, 0x0000000081d00000|100%| O|  |TAMS 0x0000000081c00000| PB 0x0000000081c00000| Untracked 
|  29|0x0000000081d00000, 0x0000000081e00000, 0x0000000081e00000|100%| O|  |TAMS 0x0000000081d00000| PB 0x0000000081d00000| Untracked 
|  30|0x0000000081e00000, 0x0000000081f00000, 0x0000000081f00000|100%| O|  |TAMS 0x0000000081e00000| PB 0x0000000081e00000| Untracked 
|  31|0x0000000081f00000, 0x0000000082000000, 0x0000000082000000|100%| O|  |TAMS 0x0000000081f00000| PB 0x0000000081f00000| Untracked 
|  32|0x0000000082000000, 0x0000000082100000, 0x0000000082100000|100%| O|  |TAMS 0x0000000082000000| PB 0x0000000082000000| Untracked 
|  33|0x0000000082100000, 0x0000000082200000, 0x0000000082200000|100%| O|  |TAMS 0x0000000082100000| PB 0x0000000082100000| Untracked 
|  34|0x0000000082200000, 0x0000000082300000, 0x0000000082300000|100%| O|  |TAMS 0x0000000082200000| PB 0x0000000082200000| Untracked 
|  35|0x0000000082300000, 0x0000000082400000, 0x0000000082400000|100%| O|  |TAMS 0x0000000082300000| PB 0x0000000082300000| Untracked 
|  36|0x0000000082400000, 0x0000000082500000, 0x0000000082500000|100%| O|  |TAMS 0x0000000082400000| PB 0x0000000082400000| Untracked 
|  37|0x0000000082500000, 0x0000000082600000, 0x0000000082600000|100%| O|Cm|TAMS 0x0000000082500000| PB 0x0000000082500000| Complete 
|  38|0x0000000082600000, 0x0000000082700000, 0x0000000082700000|100%| O|  |TAMS 0x0000000082600000| PB 0x0000000082600000| Untracked 
|  39|0x0000000082700000, 0x0000000082800000, 0x0000000082800000|100%| O|  |TAMS 0x0000000082700000| PB 0x0000000082700000| Untracked 
|  40|0x0000000082800000, 0x0000000082900000, 0x0000000082900000|100%| O|  |TAMS 0x0000000082800000| PB 0x0000000082800000| Untracked 
|  41|0x0000000082900000, 0x0000000082a00000, 0x0000000082a00000|100%| O|  |TAMS 0x0000000082900000| PB 0x0000000082900000| Untracked 
|  42|0x0000000082a00000, 0x0000000082b00000, 0x0000000082b00000|100%| O|  |TAMS 0x0000000082a00000| PB 0x0000000082a00000| Untracked 
|  43|0x0000000082b00000, 0x0000000082c00000, 0x0000000082c00000|100%|HS|  |TAMS 0x0000000082b00000| PB 0x0000000082b00000| Complete 
|  44|0x0000000082c00000, 0x0000000082d00000, 0x0000000082d00000|100%|HC|  |TAMS 0x0000000082c00000| PB 0x0000000082c00000| Complete 
|  45|0x0000000082d00000, 0x0000000082e00000, 0x0000000082e00000|100%|HS|  |TAMS 0x0000000082d00000| PB 0x0000000082d00000| Complete 
|  46|0x0000000082e00000, 0x0000000082f00000, 0x0000000082f00000|100%|HC|  |TAMS 0x0000000082e00000| PB 0x0000000082e00000| Complete 
|  47|0x0000000082f00000, 0x0000000083000000, 0x0000000083000000|100%|HS|  |TAMS 0x0000000082f00000| PB 0x0000000082f00000| Complete 
|  48|0x0000000083000000, 0x0000000083100000, 0x0000000083100000|100%|HC|  |TAMS 0x0000000083000000| PB 0x0000000083000000| Complete 
|  49|0x0000000083100000, 0x0000000083200000, 0x0000000083200000|100%|HC|  |TAMS 0x0000000083100000| PB 0x0000000083100000| Complete 
|  50|0x0000000083200000, 0x0000000083300000, 0x0000000083300000|100%| O|  |TAMS 0x0000000083200000| PB 0x0000000083200000| Untracked 
|  51|0x0000000083300000, 0x0000000083400000, 0x0000000083400000|100%| O|  |TAMS 0x0000000083300000| PB 0x0000000083300000| Untracked 
|  52|0x0000000083400000, 0x0000000083500000, 0x0000000083500000|100%| O|  |TAMS 0x0000000083400000| PB 0x0000000083400000| Untracked 
|  53|0x0000000083500000, 0x0000000083600000, 0x0000000083600000|100%| O|  |TAMS 0x0000000083500000| PB 0x0000000083500000| Untracked 
|  54|0x0000000083600000, 0x0000000083700000, 0x0000000083700000|100%| O|  |TAMS 0x0000000083600000| PB 0x0000000083600000| Untracked 
|  55|0x0000000083700000, 0x0000000083800000, 0x0000000083800000|100%|HS|  |TAMS 0x0000000083700000| PB 0x0000000083700000| Complete 
|  56|0x0000000083800000, 0x0000000083900000, 0x0000000083900000|100%| O|  |TAMS 0x0000000083800000| PB 0x0000000083800000| Untracked 
|  57|0x0000000083900000, 0x0000000083a00000, 0x0000000083a00000|100%|HS|  |TAMS 0x0000000083900000| PB 0x0000000083900000| Complete 
|  58|0x0000000083a00000, 0x0000000083b00000, 0x0000000083b00000|100%|HC|  |TAMS 0x0000000083a00000| PB 0x0000000083a00000| Complete 
|  59|0x0000000083b00000, 0x0000000083c00000, 0x0000000083c00000|100%|HC|  |TAMS 0x0000000083b00000| PB 0x0000000083b00000| Complete 
|  60|0x0000000083c00000, 0x0000000083d00000, 0x0000000083d00000|100%| O|  |TAMS 0x0000000083c00000| PB 0x0000000083c00000| Untracked 
|  61|0x0000000083d00000, 0x0000000083e00000, 0x0000000083e00000|100%| O|  |TAMS 0x0000000083d00000| PB 0x0000000083d00000| Untracked 
|  62|0x0000000083e00000, 0x0000000083f00000, 0x0000000083f00000|100%| O|  |TAMS 0x0000000083e00000| PB 0x0000000083e00000| Untracked 
|  63|0x0000000083f00000, 0x0000000084000000, 0x0000000084000000|100%| O|  |TAMS 0x0000000083f00000| PB 0x0000000083f00000| Untracked 
|  64|0x0000000084000000, 0x0000000084100000, 0x0000000084100000|100%| O|  |TAMS 0x0000000084000000| PB 0x0000000084000000| Untracked 
|  65|0x0000000084100000, 0x0000000084200000, 0x0000000084200000|100%| O|  |TAMS 0x0000000084100000| PB 0x0000000084100000| Untracked 
|  66|0x0000000084200000, 0x0000000084300000, 0x0000000084300000|100%| O|  |TAMS 0x0000000084200000| PB 0x0000000084200000| Untracked 
|  67|0x0000000084300000, 0x0000000084400000, 0x0000000084400000|100%| O|  |TAMS 0x0000000084300000| PB 0x0000000084300000| Untracked 
|  68|0x0000000084400000, 0x0000000084500000, 0x0000000084500000|100%| O|  |TAMS 0x0000000084400000| PB 0x0000000084400000| Untracked 
|  69|0x0000000084500000, 0x0000000084600000, 0x0000000084600000|100%| O|  |TAMS 0x0000000084500000| PB 0x0000000084500000| Untracked 
|  70|0x0000000084600000, 0x0000000084700000, 0x0000000084700000|100%| O|  |TAMS 0x0000000084600000| PB 0x0000000084600000| Untracked 
|  71|0x0000000084700000, 0x0000000084800000, 0x0000000084800000|100%| O|  |TAMS 0x0000000084700000| PB 0x0000000084700000| Untracked 
|  72|0x0000000084800000, 0x0000000084900000, 0x0000000084900000|100%| O|  |TAMS 0x0000000084800000| PB 0x0000000084800000| Untracked 
|  73|0x0000000084900000, 0x0000000084a00000, 0x0000000084a00000|100%| O|  |TAMS 0x0000000084900000| PB 0x0000000084900000| Untracked 
|  74|0x0000000084a00000, 0x0000000084b00000, 0x0000000084b00000|100%| O|  |TAMS 0x0000000084a00000| PB 0x0000000084a00000| Untracked 
|  75|0x0000000084b00000, 0x0000000084c00000, 0x0000000084c00000|100%| O|  |TAMS 0x0000000084b00000| PB 0x0000000084b00000| Untracked 
|  76|0x0000000084c00000, 0x0000000084d00000, 0x0000000084d00000|100%| O|  |TAMS 0x0000000084c00000| PB 0x0000000084c00000| Untracked 
|  77|0x0000000084d00000, 0x0000000084e00000, 0x0000000084e00000|100%| O|  |TAMS 0x0000000084d00000| PB 0x0000000084d00000| Untracked 
|  78|0x0000000084e00000, 0x0000000084f00000, 0x0000000084f00000|100%|HS|  |TAMS 0x0000000084e00000| PB 0x0000000084e00000| Complete 
|  79|0x0000000084f00000, 0x0000000085000000, 0x0000000085000000|100%|HS|  |TAMS 0x0000000084f00000| PB 0x0000000084f00000| Complete 
|  80|0x0000000085000000, 0x0000000085100000, 0x0000000085100000|100%|HC|  |TAMS 0x0000000085000000| PB 0x0000000085000000| Complete 
|  81|0x0000000085100000, 0x0000000085200000, 0x0000000085200000|100%|HS|  |TAMS 0x0000000085100000| PB 0x0000000085100000| Complete 
|  82|0x0000000085200000, 0x0000000085300000, 0x0000000085300000|100%|HS|  |TAMS 0x0000000085200000| PB 0x0000000085200000| Complete 
|  83|0x0000000085300000, 0x0000000085400000, 0x0000000085400000|100%|HS|  |TAMS 0x0000000085300000| PB 0x0000000085300000| Complete 
|  84|0x0000000085400000, 0x0000000085500000, 0x0000000085500000|100%|HC|  |TAMS 0x0000000085400000| PB 0x0000000085400000| Complete 
|  85|0x0000000085500000, 0x0000000085600000, 0x0000000085600000|100%|HS|  |TAMS 0x0000000085500000| PB 0x0000000085500000| Complete 
|  86|0x0000000085600000, 0x0000000085700000, 0x0000000085700000|100%|HS|  |TAMS 0x0000000085600000| PB 0x0000000085600000| Complete 
|  87|0x0000000085700000, 0x0000000085800000, 0x0000000085800000|100%| O|  |TAMS 0x0000000085700000| PB 0x0000000085700000| Untracked 
|  88|0x0000000085800000, 0x0000000085900000, 0x0000000085900000|100%| O|  |TAMS 0x0000000085800000| PB 0x0000000085800000| Untracked 
|  89|0x0000000085900000, 0x0000000085a00000, 0x0000000085a00000|100%| O|  |TAMS 0x0000000085900000| PB 0x0000000085900000| Untracked 
|  90|0x0000000085a00000, 0x0000000085b00000, 0x0000000085b00000|100%| O|  |TAMS 0x0000000085a00000| PB 0x0000000085a00000| Untracked 
|  91|0x0000000085b00000, 0x0000000085c00000, 0x0000000085c00000|100%| O|  |TAMS 0x0000000085b00000| PB 0x0000000085b00000| Untracked 
|  92|0x0000000085c00000, 0x0000000085d00000, 0x0000000085d00000|100%| O|  |TAMS 0x0000000085c00000| PB 0x0000000085c00000| Untracked 
|  93|0x0000000085d00000, 0x0000000085e00000, 0x0000000085e00000|100%| O|Cm|TAMS 0x0000000085d00000| PB 0x0000000085d00000| Complete 
|  94|0x0000000085e00000, 0x0000000085f00000, 0x0000000085f00000|100%| O|  |TAMS 0x0000000085e00000| PB 0x0000000085e00000| Untracked 
|  95|0x0000000085f00000, 0x0000000086000000, 0x0000000086000000|100%| O|  |TAMS 0x0000000085f00000| PB 0x0000000085f00000| Untracked 
|  96|0x0000000086000000, 0x0000000086100000, 0x0000000086100000|100%| O|  |TAMS 0x0000000086000000| PB 0x0000000086000000| Untracked 
|  97|0x0000000086100000, 0x0000000086200000, 0x0000000086200000|100%|HS|  |TAMS 0x0000000086100000| PB 0x0000000086100000| Complete 
|  98|0x0000000086200000, 0x0000000086300000, 0x0000000086300000|100%| O|  |TAMS 0x0000000086200000| PB 0x0000000086200000| Untracked 
|  99|0x0000000086300000, 0x0000000086400000, 0x0000000086400000|100%| O|  |TAMS 0x0000000086300000| PB 0x0000000086300000| Untracked 
| 100|0x0000000086400000, 0x0000000086500000, 0x0000000086500000|100%| O|  |TAMS 0x0000000086400000| PB 0x0000000086400000| Untracked 
| 101|0x0000000086500000, 0x0000000086600000, 0x0000000086600000|100%| O|  |TAMS 0x0000000086500000| PB 0x0000000086500000| Untracked 
| 102|0x0000000086600000, 0x0000000086700000, 0x0000000086700000|100%| O|  |TAMS 0x0000000086600000| PB 0x0000000086600000| Untracked 
| 103|0x0000000086700000, 0x0000000086800000, 0x0000000086800000|100%| O|  |TAMS 0x0000000086700000| PB 0x0000000086700000| Untracked 
| 104|0x0000000086800000, 0x0000000086900000, 0x0000000086900000|100%| O|  |TAMS 0x0000000086800000| PB 0x0000000086800000| Untracked 
| 105|0x0000000086900000, 0x0000000086a00000, 0x0000000086a00000|100%| O|  |TAMS 0x0000000086900000| PB 0x0000000086900000| Untracked 
| 106|0x0000000086a00000, 0x0000000086b00000, 0x0000000086b00000|100%| O|Cm|TAMS 0x0000000086a00000| PB 0x0000000086a00000| Complete 
| 107|0x0000000086b00000, 0x0000000086c00000, 0x0000000086c00000|100%| O|  |TAMS 0x0000000086b00000| PB 0x0000000086b00000| Untracked 
| 108|0x0000000086c00000, 0x0000000086d00000, 0x0000000086d00000|100%| O|  |TAMS 0x0000000086c00000| PB 0x0000000086c00000| Untracked 
| 109|0x0000000086d00000, 0x0000000086e00000, 0x0000000086e00000|100%| O|  |TAMS 0x0000000086d00000| PB 0x0000000086d00000| Untracked 
| 110|0x0000000086e00000, 0x0000000086f00000, 0x0000000086f00000|100%| O|  |TAMS 0x0000000086e00000| PB 0x0000000086e00000| Untracked 
| 111|0x0000000086f00000, 0x0000000087000000, 0x0000000087000000|100%| O|  |TAMS 0x0000000086f00000| PB 0x0000000086f00000| Untracked 
| 112|0x0000000087000000, 0x0000000087100000, 0x0000000087100000|100%| O|  |TAMS 0x0000000087000000| PB 0x0000000087000000| Untracked 
| 113|0x0000000087100000, 0x0000000087200000, 0x0000000087200000|100%| O|  |TAMS 0x0000000087100000| PB 0x0000000087100000| Untracked 
| 114|0x0000000087200000, 0x0000000087300000, 0x0000000087300000|100%| O|  |TAMS 0x0000000087200000| PB 0x0000000087200000| Untracked 
| 115|0x0000000087300000, 0x0000000087400000, 0x0000000087400000|100%| O|  |TAMS 0x0000000087300000| PB 0x0000000087300000| Untracked 
| 116|0x0000000087400000, 0x0000000087500000, 0x0000000087500000|100%| O|  |TAMS 0x0000000087400000| PB 0x0000000087400000| Untracked 
| 117|0x0000000087500000, 0x0000000087600000, 0x0000000087600000|100%| O|  |TAMS 0x0000000087500000| PB 0x0000000087500000| Untracked 
| 118|0x0000000087600000, 0x0000000087700000, 0x0000000087700000|100%| O|  |TAMS 0x0000000087600000| PB 0x0000000087600000| Untracked 
| 119|0x0000000087700000, 0x0000000087800000, 0x0000000087800000|100%| O|  |TAMS 0x0000000087700000| PB 0x0000000087700000| Untracked 
| 120|0x0000000087800000, 0x0000000087900000, 0x0000000087900000|100%| O|  |TAMS 0x0000000087800000| PB 0x0000000087800000| Untracked 
| 121|0x0000000087900000, 0x0000000087a00000, 0x0000000087a00000|100%| O|Cm|TAMS 0x0000000087900000| PB 0x0000000087900000| Complete 
| 122|0x0000000087a00000, 0x0000000087b00000, 0x0000000087b00000|100%| O|  |TAMS 0x0000000087a00000| PB 0x0000000087a00000| Untracked 
| 123|0x0000000087b00000, 0x0000000087c00000, 0x0000000087c00000|100%| O|  |TAMS 0x0000000087b00000| PB 0x0000000087b00000| Untracked 
| 124|0x0000000087c00000, 0x0000000087d00000, 0x0000000087d00000|100%| O|  |TAMS 0x0000000087c00000| PB 0x0000000087c00000| Untracked 
| 125|0x0000000087d00000, 0x0000000087e00000, 0x0000000087e00000|100%| O|  |TAMS 0x0000000087d00000| PB 0x0000000087d00000| Untracked 
| 126|0x0000000087e00000, 0x0000000087f00000, 0x0000000087f00000|100%| O|  |TAMS 0x0000000087e00000| PB 0x0000000087e00000| Untracked 
| 127|0x0000000087f00000, 0x0000000088000000, 0x0000000088000000|100%| O|  |TAMS 0x0000000087f00000| PB 0x0000000087f00000| Untracked 
| 128|0x0000000088000000, 0x0000000088100000, 0x0000000088100000|100%| O|  |TAMS 0x0000000088000000| PB 0x0000000088000000| Untracked 
| 129|0x0000000088100000, 0x0000000088200000, 0x0000000088200000|100%| O|  |TAMS 0x0000000088100000| PB 0x0000000088100000| Untracked 
| 130|0x0000000088200000, 0x0000000088300000, 0x0000000088300000|100%|HS|  |TAMS 0x0000000088200000| PB 0x0000000088200000| Complete 
| 131|0x0000000088300000, 0x0000000088400000, 0x0000000088400000|100%| O|Cm|TAMS 0x0000000088300000| PB 0x0000000088300000| Complete 
| 132|0x0000000088400000, 0x0000000088500000, 0x0000000088500000|100%| O|Cm|TAMS 0x0000000088400000| PB 0x0000000088400000| Complete 
| 133|0x0000000088500000, 0x0000000088600000, 0x0000000088600000|100%| O|Cm|TAMS 0x0000000088500000| PB 0x0000000088500000| Complete 
| 134|0x0000000088600000, 0x0000000088700000, 0x0000000088700000|100%| O|Cm|TAMS 0x0000000088600000| PB 0x0000000088600000| Complete 
| 135|0x0000000088700000, 0x0000000088800000, 0x0000000088800000|100%| O|Cm|TAMS 0x0000000088700000| PB 0x0000000088700000| Complete 
| 136|0x0000000088800000, 0x0000000088900000, 0x0000000088900000|100%| O|Cm|TAMS 0x0000000088800000| PB 0x0000000088800000| Complete 
| 137|0x0000000088900000, 0x0000000088a00000, 0x0000000088a00000|100%| O|Cm|TAMS 0x0000000088900000| PB 0x0000000088900000| Complete 
| 138|0x0000000088a00000, 0x0000000088b00000, 0x0000000088b00000|100%| O|Cm|TAMS 0x0000000088a00000| PB 0x0000000088a00000| Complete 
| 139|0x0000000088b00000, 0x0000000088c00000, 0x0000000088c00000|100%| O|  |TAMS 0x0000000088b00000| PB 0x0000000088b00000| Untracked 
| 140|0x0000000088c00000, 0x0000000088d00000, 0x0000000088d00000|100%|HS|  |TAMS 0x0000000088c00000| PB 0x0000000088c00000| Complete 
| 141|0x0000000088d00000, 0x0000000088e00000, 0x0000000088e00000|100%| O|  |TAMS 0x0000000088d00000| PB 0x0000000088d00000| Untracked 
| 142|0x0000000088e00000, 0x0000000088f00000, 0x0000000088f00000|100%|HS|  |TAMS 0x0000000088e00000| PB 0x0000000088e00000| Complete 
| 143|0x0000000088f00000, 0x0000000089000000, 0x0000000089000000|100%| O|  |TAMS 0x0000000088f00000| PB 0x0000000088f00000| Untracked 
| 144|0x0000000089000000, 0x0000000089100000, 0x0000000089100000|100%| O|  |TAMS 0x0000000089000000| PB 0x0000000089000000| Untracked 
| 145|0x0000000089100000, 0x0000000089200000, 0x0000000089200000|100%| O|  |TAMS 0x0000000089100000| PB 0x0000000089100000| Untracked 
| 146|0x0000000089200000, 0x0000000089300000, 0x0000000089300000|100%| O|  |TAMS 0x0000000089200000| PB 0x0000000089200000| Untracked 
| 147|0x0000000089300000, 0x0000000089400000, 0x0000000089400000|100%| O|  |TAMS 0x0000000089300000| PB 0x0000000089300000| Untracked 
| 148|0x0000000089400000, 0x0000000089500000, 0x0000000089500000|100%| O|  |TAMS 0x0000000089400000| PB 0x0000000089400000| Untracked 
| 149|0x0000000089500000, 0x0000000089600000, 0x0000000089600000|100%| O|  |TAMS 0x0000000089500000| PB 0x0000000089500000| Untracked 
| 150|0x0000000089600000, 0x0000000089700000, 0x0000000089700000|100%| O|  |TAMS 0x0000000089600000| PB 0x0000000089600000| Untracked 
| 151|0x0000000089700000, 0x0000000089800000, 0x0000000089800000|100%| O|  |TAMS 0x0000000089700000| PB 0x0000000089700000| Untracked 
| 152|0x0000000089800000, 0x0000000089900000, 0x0000000089900000|100%| O|  |TAMS 0x0000000089800000| PB 0x0000000089800000| Untracked 
| 153|0x0000000089900000, 0x0000000089a00000, 0x0000000089a00000|100%| O|  |TAMS 0x0000000089900000| PB 0x0000000089900000| Untracked 
| 154|0x0000000089a00000, 0x0000000089b00000, 0x0000000089b00000|100%| O|  |TAMS 0x0000000089a00000| PB 0x0000000089a00000| Untracked 
| 155|0x0000000089b00000, 0x0000000089c00000, 0x0000000089c00000|100%| O|  |TAMS 0x0000000089b00000| PB 0x0000000089b00000| Untracked 
| 156|0x0000000089c00000, 0x0000000089d00000, 0x0000000089d00000|100%| O|  |TAMS 0x0000000089c00000| PB 0x0000000089c00000| Untracked 
| 157|0x0000000089d00000, 0x0000000089e00000, 0x0000000089e00000|100%| O|  |TAMS 0x0000000089d00000| PB 0x0000000089d00000| Untracked 
| 158|0x0000000089e00000, 0x0000000089f00000, 0x0000000089f00000|100%| O|  |TAMS 0x0000000089e00000| PB 0x0000000089e00000| Untracked 
| 159|0x0000000089f00000, 0x000000008a000000, 0x000000008a000000|100%| O|  |TAMS 0x0000000089f00000| PB 0x0000000089f00000| Untracked 
| 160|0x000000008a000000, 0x000000008a100000, 0x000000008a100000|100%| O|  |TAMS 0x000000008a000000| PB 0x000000008a000000| Untracked 
| 161|0x000000008a100000, 0x000000008a200000, 0x000000008a200000|100%| O|  |TAMS 0x000000008a100000| PB 0x000000008a100000| Untracked 
| 162|0x000000008a200000, 0x000000008a300000, 0x000000008a300000|100%| O|  |TAMS 0x000000008a200000| PB 0x000000008a200000| Untracked 
| 163|0x000000008a300000, 0x000000008a400000, 0x000000008a400000|100%| O|  |TAMS 0x000000008a300000| PB 0x000000008a300000| Untracked 
| 164|0x000000008a400000, 0x000000008a500000, 0x000000008a500000|100%| O|  |TAMS 0x000000008a400000| PB 0x000000008a400000| Untracked 
| 165|0x000000008a500000, 0x000000008a600000, 0x000000008a600000|100%| O|Cm|TAMS 0x000000008a500000| PB 0x000000008a500000| Complete 
| 166|0x000000008a600000, 0x000000008a700000, 0x000000008a700000|100%| O|  |TAMS 0x000000008a600000| PB 0x000000008a600000| Untracked 
| 167|0x000000008a700000, 0x000000008a800000, 0x000000008a800000|100%| O|  |TAMS 0x000000008a700000| PB 0x000000008a700000| Untracked 
| 168|0x000000008a800000, 0x000000008a900000, 0x000000008a900000|100%| O|  |TAMS 0x000000008a800000| PB 0x000000008a800000| Untracked 
| 169|0x000000008a900000, 0x000000008aa00000, 0x000000008aa00000|100%| O|Cm|TAMS 0x000000008a900000| PB 0x000000008a900000| Complete 
| 170|0x000000008aa00000, 0x000000008ab00000, 0x000000008ab00000|100%| O|Cm|TAMS 0x000000008aa00000| PB 0x000000008aa00000| Complete 
| 171|0x000000008ab00000, 0x000000008ac00000, 0x000000008ac00000|100%| O|Cm|TAMS 0x000000008ab00000| PB 0x000000008ab00000| Complete 
| 172|0x000000008ac00000, 0x000000008ad00000, 0x000000008ad00000|100%| O|  |TAMS 0x000000008ac00000| PB 0x000000008ac00000| Untracked 
| 173|0x000000008ad00000, 0x000000008ae00000, 0x000000008ae00000|100%| O|  |TAMS 0x000000008ad00000| PB 0x000000008ad00000| Untracked 
| 174|0x000000008ae00000, 0x000000008af00000, 0x000000008af00000|100%| O|  |TAMS 0x000000008ae00000| PB 0x000000008ae00000| Untracked 
| 175|0x000000008af00000, 0x000000008b000000, 0x000000008b000000|100%| O|  |TAMS 0x000000008af00000| PB 0x000000008af00000| Untracked 
| 176|0x000000008b000000, 0x000000008b100000, 0x000000008b100000|100%| O|  |TAMS 0x000000008b000000| PB 0x000000008b000000| Untracked 
| 177|0x000000008b100000, 0x000000008b200000, 0x000000008b200000|100%| O|  |TAMS 0x000000008b100000| PB 0x000000008b100000| Untracked 
| 178|0x000000008b200000, 0x000000008b300000, 0x000000008b300000|100%| O|  |TAMS 0x000000008b200000| PB 0x000000008b200000| Untracked 
| 179|0x000000008b300000, 0x000000008b400000, 0x000000008b400000|100%| O|  |TAMS 0x000000008b300000| PB 0x000000008b300000| Untracked 
| 180|0x000000008b400000, 0x000000008b500000, 0x000000008b500000|100%| O|  |TAMS 0x000000008b400000| PB 0x000000008b400000| Untracked 
| 181|0x000000008b500000, 0x000000008b600000, 0x000000008b600000|100%| O|  |TAMS 0x000000008b500000| PB 0x000000008b500000| Untracked 
| 182|0x000000008b600000, 0x000000008b700000, 0x000000008b700000|100%| O|  |TAMS 0x000000008b600000| PB 0x000000008b600000| Untracked 
| 183|0x000000008b700000, 0x000000008b800000, 0x000000008b800000|100%| O|  |TAMS 0x000000008b700000| PB 0x000000008b700000| Untracked 
| 184|0x000000008b800000, 0x000000008b900000, 0x000000008b900000|100%| O|  |TAMS 0x000000008b800000| PB 0x000000008b800000| Untracked 
| 185|0x000000008b900000, 0x000000008ba00000, 0x000000008ba00000|100%| O|  |TAMS 0x000000008b900000| PB 0x000000008b900000| Untracked 
| 186|0x000000008ba00000, 0x000000008bb00000, 0x000000008bb00000|100%| O|  |TAMS 0x000000008ba00000| PB 0x000000008ba00000| Untracked 
| 187|0x000000008bb00000, 0x000000008bc00000, 0x000000008bc00000|100%| O|  |TAMS 0x000000008bb00000| PB 0x000000008bb00000| Untracked 
| 188|0x000000008bc00000, 0x000000008bd00000, 0x000000008bd00000|100%| O|  |TAMS 0x000000008bc00000| PB 0x000000008bc00000| Untracked 
| 189|0x000000008bd00000, 0x000000008be00000, 0x000000008be00000|100%| O|  |TAMS 0x000000008bd00000| PB 0x000000008bd00000| Untracked 
| 190|0x000000008be00000, 0x000000008bf00000, 0x000000008bf00000|100%| O|  |TAMS 0x000000008be00000| PB 0x000000008be00000| Untracked 
| 191|0x000000008bf00000, 0x000000008c000000, 0x000000008c000000|100%| O|  |TAMS 0x000000008bf00000| PB 0x000000008bf00000| Untracked 
| 192|0x000000008c000000, 0x000000008c100000, 0x000000008c100000|100%| O|  |TAMS 0x000000008c000000| PB 0x000000008c000000| Untracked 
| 193|0x000000008c100000, 0x000000008c200000, 0x000000008c200000|100%| O|Cm|TAMS 0x000000008c100000| PB 0x000000008c100000| Complete 
| 194|0x000000008c200000, 0x000000008c300000, 0x000000008c300000|100%| O|  |TAMS 0x000000008c200000| PB 0x000000008c200000| Untracked 
| 195|0x000000008c300000, 0x000000008c400000, 0x000000008c400000|100%| O|  |TAMS 0x000000008c300000| PB 0x000000008c300000| Untracked 
| 196|0x000000008c400000, 0x000000008c500000, 0x000000008c500000|100%| O|  |TAMS 0x000000008c400000| PB 0x000000008c400000| Untracked 
| 197|0x000000008c500000, 0x000000008c600000, 0x000000008c600000|100%| O|  |TAMS 0x000000008c500000| PB 0x000000008c500000| Untracked 
| 198|0x000000008c600000, 0x000000008c700000, 0x000000008c700000|100%| O|  |TAMS 0x000000008c600000| PB 0x000000008c600000| Untracked 
| 199|0x000000008c700000, 0x000000008c800000, 0x000000008c800000|100%| O|  |TAMS 0x000000008c700000| PB 0x000000008c700000| Untracked 
| 200|0x000000008c800000, 0x000000008c800000, 0x000000008c900000|  0%| F|  |TAMS 0x000000008c800000| PB 0x000000008c800000| Untracked 
| 201|0x000000008c900000, 0x000000008ca00000, 0x000000008ca00000|100%| O|  |TAMS 0x000000008c900000| PB 0x000000008c900000| Untracked 
| 202|0x000000008ca00000, 0x000000008cb00000, 0x000000008cb00000|100%| O|Cm|TAMS 0x000000008ca00000| PB 0x000000008ca00000| Complete 
| 203|0x000000008cb00000, 0x000000008cc00000, 0x000000008cc00000|100%| O|Cm|TAMS 0x000000008cb00000| PB 0x000000008cb00000| Complete 
| 204|0x000000008cc00000, 0x000000008cd00000, 0x000000008cd00000|100%| O|  |TAMS 0x000000008cc00000| PB 0x000000008cc00000| Untracked 
| 205|0x000000008cd00000, 0x000000008ce00000, 0x000000008ce00000|100%| O|  |TAMS 0x000000008cd00000| PB 0x000000008cd00000| Untracked 
| 206|0x000000008ce00000, 0x000000008cf00000, 0x000000008cf00000|100%| O|Cm|TAMS 0x000000008ce00000| PB 0x000000008ce00000| Complete 
| 207|0x000000008cf00000, 0x000000008d000000, 0x000000008d000000|100%| O|  |TAMS 0x000000008cf00000| PB 0x000000008cf00000| Untracked 
| 208|0x000000008d000000, 0x000000008d100000, 0x000000008d100000|100%| O|  |TAMS 0x000000008d000000| PB 0x000000008d000000| Untracked 
| 209|0x000000008d100000, 0x000000008d200000, 0x000000008d200000|100%| O|  |TAMS 0x000000008d100000| PB 0x000000008d100000| Untracked 
| 210|0x000000008d200000, 0x000000008d300000, 0x000000008d300000|100%| O|Cm|TAMS 0x000000008d200000| PB 0x000000008d200000| Complete 
| 211|0x000000008d300000, 0x000000008d400000, 0x000000008d400000|100%| O|  |TAMS 0x000000008d300000| PB 0x000000008d300000| Untracked 
| 212|0x000000008d400000, 0x000000008d500000, 0x000000008d500000|100%| O|  |TAMS 0x000000008d400000| PB 0x000000008d400000| Untracked 
| 213|0x000000008d500000, 0x000000008d600000, 0x000000008d600000|100%| O|  |TAMS 0x000000008d500000| PB 0x000000008d500000| Untracked 
| 214|0x000000008d600000, 0x000000008d700000, 0x000000008d700000|100%| O|  |TAMS 0x000000008d600000| PB 0x000000008d600000| Untracked 
| 215|0x000000008d700000, 0x000000008d800000, 0x000000008d800000|100%| O|Cm|TAMS 0x000000008d700000| PB 0x000000008d700000| Complete 
| 216|0x000000008d800000, 0x000000008d900000, 0x000000008d900000|100%| O|  |TAMS 0x000000008d800000| PB 0x000000008d800000| Untracked 
| 217|0x000000008d900000, 0x000000008da00000, 0x000000008da00000|100%| O|  |TAMS 0x000000008d900000| PB 0x000000008d900000| Untracked 
| 218|0x000000008da00000, 0x000000008db00000, 0x000000008db00000|100%| O|Cm|TAMS 0x000000008da00000| PB 0x000000008da00000| Complete 
| 219|0x000000008db00000, 0x000000008dc00000, 0x000000008dc00000|100%| O|Cm|TAMS 0x000000008db00000| PB 0x000000008db00000| Complete 
| 220|0x000000008dc00000, 0x000000008dc00000, 0x000000008dd00000|  0%| F|  |TAMS 0x000000008dc00000| PB 0x000000008dc00000| Untracked 
| 221|0x000000008dd00000, 0x000000008de00000, 0x000000008de00000|100%| O|Cm|TAMS 0x000000008dd00000| PB 0x000000008dd00000| Complete 
| 222|0x000000008de00000, 0x000000008df00000, 0x000000008df00000|100%| O|  |TAMS 0x000000008de00000| PB 0x000000008de00000| Untracked 
| 223|0x000000008df00000, 0x000000008e000000, 0x000000008e000000|100%| O|  |TAMS 0x000000008df00000| PB 0x000000008df00000| Untracked 
| 224|0x000000008e000000, 0x000000008e100000, 0x000000008e100000|100%|HS|  |TAMS 0x000000008e000000| PB 0x000000008e000000| Complete 
| 225|0x000000008e100000, 0x000000008e200000, 0x000000008e200000|100%|HS|  |TAMS 0x000000008e100000| PB 0x000000008e100000| Complete 
| 226|0x000000008e200000, 0x000000008e300000, 0x000000008e300000|100%|HC|  |TAMS 0x000000008e200000| PB 0x000000008e200000| Complete 
| 227|0x000000008e300000, 0x000000008e400000, 0x000000008e400000|100%|HS|  |TAMS 0x000000008e300000| PB 0x000000008e300000| Complete 
| 228|0x000000008e400000, 0x000000008e500000, 0x000000008e500000|100%| O|Cm|TAMS 0x000000008e400000| PB 0x000000008e400000| Complete 
| 229|0x000000008e500000, 0x000000008e600000, 0x000000008e600000|100%| O|  |TAMS 0x000000008e500000| PB 0x000000008e500000| Untracked 
| 230|0x000000008e600000, 0x000000008e600000, 0x000000008e700000|  0%| F|  |TAMS 0x000000008e600000| PB 0x000000008e600000| Untracked 
| 231|0x000000008e700000, 0x000000008e800000, 0x000000008e800000|100%| O|  |TAMS 0x000000008e700000| PB 0x000000008e700000| Untracked 
| 232|0x000000008e800000, 0x000000008e900000, 0x000000008e900000|100%| O|  |TAMS 0x000000008e800000| PB 0x000000008e800000| Untracked 
| 233|0x000000008e900000, 0x000000008ea00000, 0x000000008ea00000|100%| O|  |TAMS 0x000000008e900000| PB 0x000000008e900000| Untracked 
| 234|0x000000008ea00000, 0x000000008eb00000, 0x000000008eb00000|100%| O|  |TAMS 0x000000008ea00000| PB 0x000000008ea00000| Untracked 
| 235|0x000000008eb00000, 0x000000008ec00000, 0x000000008ec00000|100%| O|  |TAMS 0x000000008eb00000| PB 0x000000008eb00000| Untracked 
| 236|0x000000008ec00000, 0x000000008ed00000, 0x000000008ed00000|100%| O|  |TAMS 0x000000008ec00000| PB 0x000000008ec00000| Untracked 
| 237|0x000000008ed00000, 0x000000008ee00000, 0x000000008ee00000|100%| O|  |TAMS 0x000000008ed00000| PB 0x000000008ed00000| Untracked 
| 238|0x000000008ee00000, 0x000000008ef00000, 0x000000008ef00000|100%|HS|  |TAMS 0x000000008ee00000| PB 0x000000008ee00000| Complete 
| 239|0x000000008ef00000, 0x000000008f000000, 0x000000008f000000|100%| O|Cm|TAMS 0x000000008ef00000| PB 0x000000008ef00000| Complete 
| 240|0x000000008f000000, 0x000000008f100000, 0x000000008f100000|100%| O|Cm|TAMS 0x000000008f000000| PB 0x000000008f000000| Complete 
| 241|0x000000008f100000, 0x000000008f200000, 0x000000008f200000|100%| O|Cm|TAMS 0x000000008f100000| PB 0x000000008f100000| Complete 
| 242|0x000000008f200000, 0x000000008f300000, 0x000000008f300000|100%| O|Cm|TAMS 0x000000008f200000| PB 0x000000008f200000| Complete 
| 243|0x000000008f300000, 0x000000008f400000, 0x000000008f400000|100%| O|Cm|TAMS 0x000000008f300000| PB 0x000000008f300000| Complete 
| 244|0x000000008f400000, 0x000000008f500000, 0x000000008f500000|100%| O|Cm|TAMS 0x000000008f400000| PB 0x000000008f400000| Complete 
| 245|0x000000008f500000, 0x000000008f600000, 0x000000008f600000|100%| O|Cm|TAMS 0x000000008f500000| PB 0x000000008f500000| Complete 
| 246|0x000000008f600000, 0x000000008f700000, 0x000000008f700000|100%| O|Cm|TAMS 0x000000008f600000| PB 0x000000008f600000| Complete 
| 247|0x000000008f700000, 0x000000008f700000, 0x000000008f800000|  0%| F|  |TAMS 0x000000008f700000| PB 0x000000008f700000| Untracked 
| 248|0x000000008f800000, 0x000000008f900000, 0x000000008f900000|100%| O|Cm|TAMS 0x000000008f800000| PB 0x000000008f800000| Complete 
| 249|0x000000008f900000, 0x000000008f900000, 0x000000008fa00000|  0%| F|  |TAMS 0x000000008f900000| PB 0x000000008f900000| Untracked 
| 250|0x000000008fa00000, 0x000000008fb00000, 0x000000008fb00000|100%| O|Cm|TAMS 0x000000008fa00000| PB 0x000000008fa00000| Complete 
| 251|0x000000008fb00000, 0x000000008fc00000, 0x000000008fc00000|100%| O|Cm|TAMS 0x000000008fb00000| PB 0x000000008fb00000| Complete 
| 252|0x000000008fc00000, 0x000000008fd00000, 0x000000008fd00000|100%| O|  |TAMS 0x000000008fc00000| PB 0x000000008fc00000| Untracked 
| 253|0x000000008fd00000, 0x000000008fe00000, 0x000000008fe00000|100%| O|  |TAMS 0x000000008fd00000| PB 0x000000008fd00000| Untracked 
| 254|0x000000008fe00000, 0x000000008ff00000, 0x000000008ff00000|100%| O|  |TAMS 0x000000008fe00000| PB 0x000000008fe00000| Untracked 
| 255|0x000000008ff00000, 0x0000000090000000, 0x0000000090000000|100%| O|  |TAMS 0x000000008ff00000| PB 0x000000008ff00000| Untracked 
| 256|0x0000000090000000, 0x0000000090100000, 0x0000000090100000|100%| O|  |TAMS 0x0000000090000000| PB 0x0000000090000000| Untracked 
| 257|0x0000000090100000, 0x0000000090200000, 0x0000000090200000|100%| O|  |TAMS 0x0000000090100000| PB 0x0000000090100000| Untracked 
| 258|0x0000000090200000, 0x0000000090300000, 0x0000000090300000|100%| O|Cm|TAMS 0x0000000090200000| PB 0x0000000090200000| Complete 
| 259|0x0000000090300000, 0x0000000090400000, 0x0000000090400000|100%| O|  |TAMS 0x0000000090300000| PB 0x0000000090300000| Untracked 
| 260|0x0000000090400000, 0x0000000090500000, 0x0000000090500000|100%| O|  |TAMS 0x0000000090400000| PB 0x0000000090400000| Untracked 
| 261|0x0000000090500000, 0x0000000090600000, 0x0000000090600000|100%| O|  |TAMS 0x0000000090500000| PB 0x0000000090500000| Untracked 
| 262|0x0000000090600000, 0x0000000090700000, 0x0000000090700000|100%| O|  |TAMS 0x0000000090600000| PB 0x0000000090600000| Untracked 
| 263|0x0000000090700000, 0x0000000090800000, 0x0000000090800000|100%| O|  |TAMS 0x0000000090700000| PB 0x0000000090700000| Untracked 
| 264|0x0000000090800000, 0x0000000090900000, 0x0000000090900000|100%| O|  |TAMS 0x0000000090800000| PB 0x0000000090800000| Untracked 
| 265|0x0000000090900000, 0x0000000090a00000, 0x0000000090a00000|100%| O|  |TAMS 0x0000000090900000| PB 0x0000000090900000| Untracked 
| 266|0x0000000090a00000, 0x0000000090b00000, 0x0000000090b00000|100%| O|  |TAMS 0x0000000090a00000| PB 0x0000000090a00000| Untracked 
| 267|0x0000000090b00000, 0x0000000090c00000, 0x0000000090c00000|100%| O|Cm|TAMS 0x0000000090b00000| PB 0x0000000090b00000| Complete 
| 268|0x0000000090c00000, 0x0000000090d00000, 0x0000000090d00000|100%| O|Cm|TAMS 0x0000000090c00000| PB 0x0000000090c00000| Complete 
| 269|0x0000000090d00000, 0x0000000090e00000, 0x0000000090e00000|100%| O|  |TAMS 0x0000000090d00000| PB 0x0000000090d00000| Untracked 
| 270|0x0000000090e00000, 0x0000000090f00000, 0x0000000090f00000|100%| O|Cm|TAMS 0x0000000090e00000| PB 0x0000000090e00000| Complete 
| 271|0x0000000090f00000, 0x0000000091000000, 0x0000000091000000|100%| O|Cm|TAMS 0x0000000090f00000| PB 0x0000000090f00000| Complete 
| 272|0x0000000091000000, 0x0000000091000000, 0x0000000091100000|  0%| F|  |TAMS 0x0000000091000000| PB 0x0000000091000000| Untracked 
| 273|0x0000000091100000, 0x0000000091200000, 0x0000000091200000|100%| O|  |TAMS 0x0000000091100000| PB 0x0000000091100000| Untracked 
| 274|0x0000000091200000, 0x0000000091300000, 0x0000000091300000|100%| O|  |TAMS 0x0000000091200000| PB 0x0000000091200000| Untracked 
| 275|0x0000000091300000, 0x0000000091400000, 0x0000000091400000|100%| O|  |TAMS 0x0000000091300000| PB 0x0000000091300000| Untracked 
| 276|0x0000000091400000, 0x0000000091500000, 0x0000000091500000|100%| O|  |TAMS 0x0000000091400000| PB 0x0000000091400000| Untracked 
| 277|0x0000000091500000, 0x0000000091600000, 0x0000000091600000|100%| O|  |TAMS 0x0000000091500000| PB 0x0000000091500000| Untracked 
| 278|0x0000000091600000, 0x0000000091700000, 0x0000000091700000|100%| O|  |TAMS 0x0000000091600000| PB 0x0000000091600000| Untracked 
| 279|0x0000000091700000, 0x00000000917e6368, 0x0000000091800000| 89%| O|  |TAMS 0x0000000091700000| PB 0x0000000091700000| Untracked 
| 280|0x0000000091800000, 0x0000000091800000, 0x0000000091900000|  0%| F|  |TAMS 0x0000000091800000| PB 0x0000000091800000| Untracked 
| 281|0x0000000091900000, 0x0000000091900000, 0x0000000091a00000|  0%| F|  |TAMS 0x0000000091900000| PB 0x0000000091900000| Untracked 
| 282|0x0000000091a00000, 0x0000000091a00000, 0x0000000091b00000|  0%| F|  |TAMS 0x0000000091a00000| PB 0x0000000091a00000| Untracked 
| 283|0x0000000091b00000, 0x0000000091b00000, 0x0000000091c00000|  0%| F|  |TAMS 0x0000000091b00000| PB 0x0000000091b00000| Untracked 
| 284|0x0000000091c00000, 0x0000000091c00000, 0x0000000091d00000|  0%| F|  |TAMS 0x0000000091c00000| PB 0x0000000091c00000| Untracked 
| 285|0x0000000091d00000, 0x0000000091d00000, 0x0000000091e00000|  0%| F|  |TAMS 0x0000000091d00000| PB 0x0000000091d00000| Untracked 
| 286|0x0000000091e00000, 0x0000000091f00000, 0x0000000091f00000|100%| O|  |TAMS 0x0000000091e00000| PB 0x0000000091e00000| Untracked 
| 287|0x0000000091f00000, 0x0000000092000000, 0x0000000092000000|100%| O|  |TAMS 0x0000000091f00000| PB 0x0000000091f00000| Untracked 
| 288|0x0000000092000000, 0x0000000092100000, 0x0000000092100000|100%| O|  |TAMS 0x0000000092000000| PB 0x0000000092000000| Untracked 
| 289|0x0000000092100000, 0x0000000092200000, 0x0000000092200000|100%| O|  |TAMS 0x0000000092100000| PB 0x0000000092100000| Untracked 
| 290|0x0000000092200000, 0x0000000092300000, 0x0000000092300000|100%| O|  |TAMS 0x0000000092200000| PB 0x0000000092200000| Untracked 
| 291|0x0000000092300000, 0x0000000092400000, 0x0000000092400000|100%| O|  |TAMS 0x0000000092300000| PB 0x0000000092300000| Untracked 
| 292|0x0000000092400000, 0x0000000092500000, 0x0000000092500000|100%| O|  |TAMS 0x0000000092400000| PB 0x0000000092400000| Untracked 
| 293|0x0000000092500000, 0x0000000092600000, 0x0000000092600000|100%| O|  |TAMS 0x0000000092500000| PB 0x0000000092500000| Untracked 
| 294|0x0000000092600000, 0x0000000092700000, 0x0000000092700000|100%| O|  |TAMS 0x0000000092600000| PB 0x0000000092600000| Untracked 
| 295|0x0000000092700000, 0x0000000092800000, 0x0000000092800000|100%| O|  |TAMS 0x0000000092700000| PB 0x0000000092700000| Untracked 
| 296|0x0000000092800000, 0x0000000092900000, 0x0000000092900000|100%| O|Cm|TAMS 0x0000000092800000| PB 0x0000000092800000| Complete 
| 297|0x0000000092900000, 0x0000000092900000, 0x0000000092a00000|  0%| F|  |TAMS 0x0000000092900000| PB 0x0000000092900000| Untracked 
| 298|0x0000000092a00000, 0x0000000092a00000, 0x0000000092b00000|  0%| F|  |TAMS 0x0000000092a00000| PB 0x0000000092a00000| Untracked 
| 299|0x0000000092b00000, 0x0000000092b00000, 0x0000000092c00000|  0%| F|  |TAMS 0x0000000092b00000| PB 0x0000000092b00000| Untracked 
| 300|0x0000000092c00000, 0x0000000092c00000, 0x0000000092d00000|  0%| F|  |TAMS 0x0000000092c00000| PB 0x0000000092c00000| Untracked 
| 301|0x0000000092d00000, 0x0000000092d00000, 0x0000000092e00000|  0%| F|  |TAMS 0x0000000092d00000| PB 0x0000000092d00000| Untracked 
| 302|0x0000000092e00000, 0x0000000092e00000, 0x0000000092f00000|  0%| F|  |TAMS 0x0000000092e00000| PB 0x0000000092e00000| Untracked 
| 303|0x0000000092f00000, 0x0000000092f00000, 0x0000000093000000|  0%| F|  |TAMS 0x0000000092f00000| PB 0x0000000092f00000| Untracked 
| 304|0x0000000093000000, 0x0000000093000000, 0x0000000093100000|  0%| F|  |TAMS 0x0000000093000000| PB 0x0000000093000000| Untracked 
| 305|0x0000000093100000, 0x0000000093100000, 0x0000000093200000|  0%| F|  |TAMS 0x0000000093100000| PB 0x0000000093100000| Untracked 
| 306|0x0000000093200000, 0x0000000093200000, 0x0000000093300000|  0%| F|  |TAMS 0x0000000093200000| PB 0x0000000093200000| Untracked 
| 307|0x0000000093300000, 0x0000000093300000, 0x0000000093400000|  0%| F|  |TAMS 0x0000000093300000| PB 0x0000000093300000| Untracked 
| 308|0x0000000093400000, 0x0000000093400000, 0x0000000093500000|  0%| F|  |TAMS 0x0000000093400000| PB 0x0000000093400000| Untracked 
| 309|0x0000000093500000, 0x0000000093500000, 0x0000000093600000|  0%| F|  |TAMS 0x0000000093500000| PB 0x0000000093500000| Untracked 
| 310|0x0000000093600000, 0x0000000093600000, 0x0000000093700000|  0%| F|  |TAMS 0x0000000093600000| PB 0x0000000093600000| Untracked 
| 311|0x0000000093700000, 0x0000000093700000, 0x0000000093800000|  0%| F|  |TAMS 0x0000000093700000| PB 0x0000000093700000| Untracked 
| 312|0x0000000093800000, 0x0000000093800000, 0x0000000093900000|  0%| F|  |TAMS 0x0000000093800000| PB 0x0000000093800000| Untracked 
| 313|0x0000000093900000, 0x0000000093900000, 0x0000000093a00000|  0%| F|  |TAMS 0x0000000093900000| PB 0x0000000093900000| Untracked 
| 314|0x0000000093a00000, 0x0000000093a00000, 0x0000000093b00000|  0%| F|  |TAMS 0x0000000093a00000| PB 0x0000000093a00000| Untracked 
| 315|0x0000000093b00000, 0x0000000093b00000, 0x0000000093c00000|  0%| F|  |TAMS 0x0000000093b00000| PB 0x0000000093b00000| Untracked 
| 316|0x0000000093c00000, 0x0000000093c00000, 0x0000000093d00000|  0%| F|  |TAMS 0x0000000093c00000| PB 0x0000000093c00000| Untracked 
| 317|0x0000000093d00000, 0x0000000093d00000, 0x0000000093e00000|  0%| F|  |TAMS 0x0000000093d00000| PB 0x0000000093d00000| Untracked 
| 318|0x0000000093e00000, 0x0000000093e00000, 0x0000000093f00000|  0%| F|  |TAMS 0x0000000093e00000| PB 0x0000000093e00000| Untracked 
| 319|0x0000000093f00000, 0x0000000093f00000, 0x0000000094000000|  0%| F|  |TAMS 0x0000000093f00000| PB 0x0000000093f00000| Untracked 
| 320|0x0000000094000000, 0x0000000094000000, 0x0000000094100000|  0%| F|  |TAMS 0x0000000094000000| PB 0x0000000094000000| Untracked 
| 321|0x0000000094100000, 0x0000000094100000, 0x0000000094200000|  0%| F|  |TAMS 0x0000000094100000| PB 0x0000000094100000| Untracked 
| 322|0x0000000094200000, 0x0000000094200000, 0x0000000094300000|  0%| F|  |TAMS 0x0000000094200000| PB 0x0000000094200000| Untracked 
| 323|0x0000000094300000, 0x0000000094300000, 0x0000000094400000|  0%| F|  |TAMS 0x0000000094300000| PB 0x0000000094300000| Untracked 
| 324|0x0000000094400000, 0x0000000094400000, 0x0000000094500000|  0%| F|  |TAMS 0x0000000094400000| PB 0x0000000094400000| Untracked 
| 325|0x0000000094500000, 0x0000000094500000, 0x0000000094600000|  0%| F|  |TAMS 0x0000000094500000| PB 0x0000000094500000| Untracked 
| 326|0x0000000094600000, 0x0000000094600000, 0x0000000094700000|  0%| F|  |TAMS 0x0000000094600000| PB 0x0000000094600000| Untracked 
| 327|0x0000000094700000, 0x0000000094700000, 0x0000000094800000|  0%| F|  |TAMS 0x0000000094700000| PB 0x0000000094700000| Untracked 
| 328|0x0000000094800000, 0x0000000094800000, 0x0000000094900000|  0%| F|  |TAMS 0x0000000094800000| PB 0x0000000094800000| Untracked 
| 329|0x0000000094900000, 0x0000000094900000, 0x0000000094a00000|  0%| F|  |TAMS 0x0000000094900000| PB 0x0000000094900000| Untracked 
| 330|0x0000000094a00000, 0x0000000094a00000, 0x0000000094b00000|  0%| F|  |TAMS 0x0000000094a00000| PB 0x0000000094a00000| Untracked 
| 331|0x0000000094b00000, 0x0000000094b00000, 0x0000000094c00000|  0%| F|  |TAMS 0x0000000094b00000| PB 0x0000000094b00000| Untracked 
| 332|0x0000000094c00000, 0x0000000094c00000, 0x0000000094d00000|  0%| F|  |TAMS 0x0000000094c00000| PB 0x0000000094c00000| Untracked 
| 333|0x0000000094d00000, 0x0000000094d00000, 0x0000000094e00000|  0%| F|  |TAMS 0x0000000094d00000| PB 0x0000000094d00000| Untracked 
| 334|0x0000000094e00000, 0x0000000094e00000, 0x0000000094f00000|  0%| F|  |TAMS 0x0000000094e00000| PB 0x0000000094e00000| Untracked 
| 335|0x0000000094f00000, 0x0000000094f00000, 0x0000000095000000|  0%| F|  |TAMS 0x0000000094f00000| PB 0x0000000094f00000| Untracked 
| 336|0x0000000095000000, 0x0000000095000000, 0x0000000095100000|  0%| F|  |TAMS 0x0000000095000000| PB 0x0000000095000000| Untracked 
| 337|0x0000000095100000, 0x0000000095100000, 0x0000000095200000|  0%| F|  |TAMS 0x0000000095100000| PB 0x0000000095100000| Untracked 
| 338|0x0000000095200000, 0x0000000095200000, 0x0000000095300000|  0%| F|  |TAMS 0x0000000095200000| PB 0x0000000095200000| Untracked 
| 339|0x0000000095300000, 0x0000000095300000, 0x0000000095400000|  0%| F|  |TAMS 0x0000000095300000| PB 0x0000000095300000| Untracked 
| 340|0x0000000095400000, 0x0000000095400000, 0x0000000095500000|  0%| F|  |TAMS 0x0000000095400000| PB 0x0000000095400000| Untracked 
| 341|0x0000000095500000, 0x0000000095500000, 0x0000000095600000|  0%| F|  |TAMS 0x0000000095500000| PB 0x0000000095500000| Untracked 
| 342|0x0000000095600000, 0x0000000095700000, 0x0000000095700000|100%| S|CS|TAMS 0x0000000095600000| PB 0x0000000095600000| Complete 
| 343|0x0000000095700000, 0x0000000095800000, 0x0000000095800000|100%| S|CS|TAMS 0x0000000095700000| PB 0x0000000095700000| Complete 
| 344|0x0000000095800000, 0x0000000095900000, 0x0000000095900000|100%| S|CS|TAMS 0x0000000095800000| PB 0x0000000095800000| Complete 
| 345|0x0000000095900000, 0x0000000095a00000, 0x0000000095a00000|100%| S|CS|TAMS 0x0000000095900000| PB 0x0000000095900000| Complete 
| 346|0x0000000095a00000, 0x0000000095b00000, 0x0000000095b00000|100%| S|CS|TAMS 0x0000000095a00000| PB 0x0000000095a00000| Complete 
| 347|0x0000000095b00000, 0x0000000095b00000, 0x0000000095c00000|  0%| F|  |TAMS 0x0000000095b00000| PB 0x0000000095b00000| Untracked 
| 348|0x0000000095c00000, 0x0000000095c00000, 0x0000000095d00000|  0%| F|  |TAMS 0x0000000095c00000| PB 0x0000000095c00000| Untracked 
| 349|0x0000000095d00000, 0x0000000095d00000, 0x0000000095e00000|  0%| F|  |TAMS 0x0000000095d00000| PB 0x0000000095d00000| Untracked 
| 350|0x0000000095e00000, 0x0000000095e00000, 0x0000000095f00000|  0%| F|  |TAMS 0x0000000095e00000| PB 0x0000000095e00000| Untracked 
| 351|0x0000000095f00000, 0x0000000095f00000, 0x0000000096000000|  0%| F|  |TAMS 0x0000000095f00000| PB 0x0000000095f00000| Untracked 
| 352|0x0000000096000000, 0x0000000096000000, 0x0000000096100000|  0%| F|  |TAMS 0x0000000096000000| PB 0x0000000096000000| Untracked 
| 353|0x0000000096100000, 0x0000000096100000, 0x0000000096200000|  0%| F|  |TAMS 0x0000000096100000| PB 0x0000000096100000| Untracked 
| 354|0x0000000096200000, 0x0000000096200000, 0x0000000096300000|  0%| F|  |TAMS 0x0000000096200000| PB 0x0000000096200000| Untracked 
| 355|0x0000000096300000, 0x0000000096300000, 0x0000000096400000|  0%| F|  |TAMS 0x0000000096300000| PB 0x0000000096300000| Untracked 
| 356|0x0000000096400000, 0x0000000096400000, 0x0000000096500000|  0%| F|  |TAMS 0x0000000096400000| PB 0x0000000096400000| Untracked 
| 357|0x0000000096500000, 0x0000000096500000, 0x0000000096600000|  0%| F|  |TAMS 0x0000000096500000| PB 0x0000000096500000| Untracked 
| 358|0x0000000096600000, 0x0000000096600000, 0x0000000096700000|  0%| F|  |TAMS 0x0000000096600000| PB 0x0000000096600000| Untracked 
| 359|0x0000000096700000, 0x0000000096700000, 0x0000000096800000|  0%| F|  |TAMS 0x0000000096700000| PB 0x0000000096700000| Untracked 
| 360|0x0000000096800000, 0x0000000096800000, 0x0000000096900000|  0%| F|  |TAMS 0x0000000096800000| PB 0x0000000096800000| Untracked 
| 361|0x0000000096900000, 0x0000000096900000, 0x0000000096a00000|  0%| F|  |TAMS 0x0000000096900000| PB 0x0000000096900000| Untracked 
| 362|0x0000000096a00000, 0x0000000096a00000, 0x0000000096b00000|  0%| F|  |TAMS 0x0000000096a00000| PB 0x0000000096a00000| Untracked 
| 363|0x0000000096b00000, 0x0000000096b00000, 0x0000000096c00000|  0%| F|  |TAMS 0x0000000096b00000| PB 0x0000000096b00000| Untracked 
| 364|0x0000000096c00000, 0x0000000096c00000, 0x0000000096d00000|  0%| F|  |TAMS 0x0000000096c00000| PB 0x0000000096c00000| Untracked 
| 365|0x0000000096d00000, 0x0000000096d00000, 0x0000000096e00000|  0%| F|  |TAMS 0x0000000096d00000| PB 0x0000000096d00000| Untracked 
| 366|0x0000000096e00000, 0x0000000096e00000, 0x0000000096f00000|  0%| F|  |TAMS 0x0000000096e00000| PB 0x0000000096e00000| Untracked 
| 367|0x0000000096f00000, 0x0000000096f00000, 0x0000000097000000|  0%| F|  |TAMS 0x0000000096f00000| PB 0x0000000096f00000| Untracked 
| 368|0x0000000097000000, 0x0000000097000000, 0x0000000097100000|  0%| F|  |TAMS 0x0000000097000000| PB 0x0000000097000000| Untracked 
| 369|0x0000000097100000, 0x0000000097100000, 0x0000000097200000|  0%| F|  |TAMS 0x0000000097100000| PB 0x0000000097100000| Untracked 
| 370|0x0000000097200000, 0x0000000097200000, 0x0000000097300000|  0%| F|  |TAMS 0x0000000097200000| PB 0x0000000097200000| Untracked 
| 371|0x0000000097300000, 0x0000000097300000, 0x0000000097400000|  0%| F|  |TAMS 0x0000000097300000| PB 0x0000000097300000| Untracked 
| 372|0x0000000097400000, 0x0000000097400000, 0x0000000097500000|  0%| F|  |TAMS 0x0000000097400000| PB 0x0000000097400000| Untracked 
| 373|0x0000000097500000, 0x0000000097500000, 0x0000000097600000|  0%| F|  |TAMS 0x0000000097500000| PB 0x0000000097500000| Untracked 
| 374|0x0000000097600000, 0x0000000097600000, 0x0000000097700000|  0%| F|  |TAMS 0x0000000097600000| PB 0x0000000097600000| Untracked 
| 375|0x0000000097700000, 0x0000000097700000, 0x0000000097800000|  0%| F|  |TAMS 0x0000000097700000| PB 0x0000000097700000| Untracked 
| 376|0x0000000097800000, 0x0000000097800000, 0x0000000097900000|  0%| F|  |TAMS 0x0000000097800000| PB 0x0000000097800000| Untracked 
| 377|0x0000000097900000, 0x0000000097900000, 0x0000000097a00000|  0%| F|  |TAMS 0x0000000097900000| PB 0x0000000097900000| Untracked 
| 378|0x0000000097a00000, 0x0000000097a00000, 0x0000000097b00000|  0%| F|  |TAMS 0x0000000097a00000| PB 0x0000000097a00000| Untracked 
| 379|0x0000000097b00000, 0x0000000097b5ff78, 0x0000000097c00000| 37%| E|  |TAMS 0x0000000097b00000| PB 0x0000000097b00000| Complete 
| 380|0x0000000097c00000, 0x0000000097d00000, 0x0000000097d00000|100%| E|CS|TAMS 0x0000000097c00000| PB 0x0000000097c00000| Complete 
| 381|0x0000000097d00000, 0x0000000097e00000, 0x0000000097e00000|100%| E|CS|TAMS 0x0000000097d00000| PB 0x0000000097d00000| Complete 
| 382|0x0000000097e00000, 0x0000000097f00000, 0x0000000097f00000|100%| E|CS|TAMS 0x0000000097e00000| PB 0x0000000097e00000| Complete 
| 383|0x0000000097f00000, 0x0000000098000000, 0x0000000098000000|100%| E|CS|TAMS 0x0000000097f00000| PB 0x0000000097f00000| Complete 
| 384|0x0000000098000000, 0x0000000098100000, 0x0000000098100000|100%| E|CS|TAMS 0x0000000098000000| PB 0x0000000098000000| Complete 
| 385|0x0000000098100000, 0x0000000098200000, 0x0000000098200000|100%| E|CS|TAMS 0x0000000098100000| PB 0x0000000098100000| Complete 
| 386|0x0000000098200000, 0x0000000098300000, 0x0000000098300000|100%| E|CS|TAMS 0x0000000098200000| PB 0x0000000098200000| Complete 
| 387|0x0000000098300000, 0x0000000098400000, 0x0000000098400000|100%| E|CS|TAMS 0x0000000098300000| PB 0x0000000098300000| Complete 
| 388|0x0000000098400000, 0x0000000098500000, 0x0000000098500000|100%| E|CS|TAMS 0x0000000098400000| PB 0x0000000098400000| Complete 
| 389|0x0000000098500000, 0x0000000098600000, 0x0000000098600000|100%| E|CS|TAMS 0x0000000098500000| PB 0x0000000098500000| Complete 
| 390|0x0000000098600000, 0x0000000098700000, 0x0000000098700000|100%| E|CS|TAMS 0x0000000098600000| PB 0x0000000098600000| Complete 
| 391|0x0000000098700000, 0x0000000098800000, 0x0000000098800000|100%| E|CS|TAMS 0x0000000098700000| PB 0x0000000098700000| Complete 
| 392|0x0000000098800000, 0x0000000098900000, 0x0000000098900000|100%| E|CS|TAMS 0x0000000098800000| PB 0x0000000098800000| Complete 
| 393|0x0000000098900000, 0x0000000098a00000, 0x0000000098a00000|100%| E|CS|TAMS 0x0000000098900000| PB 0x0000000098900000| Complete 
| 394|0x0000000098a00000, 0x0000000098b00000, 0x0000000098b00000|100%| E|CS|TAMS 0x0000000098a00000| PB 0x0000000098a00000| Complete 
| 395|0x0000000098b00000, 0x0000000098c00000, 0x0000000098c00000|100%| E|CS|TAMS 0x0000000098b00000| PB 0x0000000098b00000| Complete 
| 396|0x0000000098c00000, 0x0000000098d00000, 0x0000000098d00000|100%| E|CS|TAMS 0x0000000098c00000| PB 0x0000000098c00000| Complete 
| 397|0x0000000098d00000, 0x0000000098e00000, 0x0000000098e00000|100%| E|CS|TAMS 0x0000000098d00000| PB 0x0000000098d00000| Complete 
| 398|0x0000000098e00000, 0x0000000098f00000, 0x0000000098f00000|100%| E|CS|TAMS 0x0000000098e00000| PB 0x0000000098e00000| Complete 
| 399|0x0000000098f00000, 0x0000000099000000, 0x0000000099000000|100%| E|CS|TAMS 0x0000000098f00000| PB 0x0000000098f00000| Complete 
| 400|0x0000000099000000, 0x0000000099100000, 0x0000000099100000|100%| E|CS|TAMS 0x0000000099000000| PB 0x0000000099000000| Complete 
| 401|0x0000000099100000, 0x0000000099200000, 0x0000000099200000|100%| E|CS|TAMS 0x0000000099100000| PB 0x0000000099100000| Complete 
| 402|0x0000000099200000, 0x0000000099300000, 0x0000000099300000|100%| E|CS|TAMS 0x0000000099200000| PB 0x0000000099200000| Complete 
| 403|0x0000000099300000, 0x0000000099400000, 0x0000000099400000|100%| E|CS|TAMS 0x0000000099300000| PB 0x0000000099300000| Complete 
| 404|0x0000000099400000, 0x0000000099500000, 0x0000000099500000|100%| E|CS|TAMS 0x0000000099400000| PB 0x0000000099400000| Complete 
| 405|0x0000000099500000, 0x0000000099600000, 0x0000000099600000|100%| E|CS|TAMS 0x0000000099500000| PB 0x0000000099500000| Complete 
| 406|0x0000000099600000, 0x0000000099700000, 0x0000000099700000|100%| E|CS|TAMS 0x0000000099600000| PB 0x0000000099600000| Complete 
| 407|0x0000000099700000, 0x0000000099800000, 0x0000000099800000|100%| E|CS|TAMS 0x0000000099700000| PB 0x0000000099700000| Complete 
| 408|0x0000000099800000, 0x0000000099900000, 0x0000000099900000|100%| E|CS|TAMS 0x0000000099800000| PB 0x0000000099800000| Complete 
| 409|0x0000000099900000, 0x0000000099a00000, 0x0000000099a00000|100%| E|CS|TAMS 0x0000000099900000| PB 0x0000000099900000| Complete 
| 410|0x0000000099a00000, 0x0000000099b00000, 0x0000000099b00000|100%| E|CS|TAMS 0x0000000099a00000| PB 0x0000000099a00000| Complete 
| 411|0x0000000099b00000, 0x0000000099c00000, 0x0000000099c00000|100%| E|CS|TAMS 0x0000000099b00000| PB 0x0000000099b00000| Complete 
| 412|0x0000000099c00000, 0x0000000099d00000, 0x0000000099d00000|100%| E|CS|TAMS 0x0000000099c00000| PB 0x0000000099c00000| Complete 
| 413|0x0000000099d00000, 0x0000000099e00000, 0x0000000099e00000|100%| E|CS|TAMS 0x0000000099d00000| PB 0x0000000099d00000| Complete 
| 414|0x0000000099e00000, 0x0000000099f00000, 0x0000000099f00000|100%| E|CS|TAMS 0x0000000099e00000| PB 0x0000000099e00000| Complete 
| 415|0x0000000099f00000, 0x000000009a000000, 0x000000009a000000|100%| E|CS|TAMS 0x0000000099f00000| PB 0x0000000099f00000| Complete 
| 416|0x000000009a000000, 0x000000009a100000, 0x000000009a100000|100%| E|CS|TAMS 0x000000009a000000| PB 0x000000009a000000| Complete 
| 417|0x000000009a100000, 0x000000009a200000, 0x000000009a200000|100%| E|CS|TAMS 0x000000009a100000| PB 0x000000009a100000| Complete 
| 418|0x000000009a200000, 0x000000009a300000, 0x000000009a300000|100%| E|CS|TAMS 0x000000009a200000| PB 0x000000009a200000| Complete 
| 419|0x000000009a300000, 0x000000009a400000, 0x000000009a400000|100%| E|CS|TAMS 0x000000009a300000| PB 0x000000009a300000| Complete 
| 420|0x000000009a400000, 0x000000009a500000, 0x000000009a500000|100%| E|CS|TAMS 0x000000009a400000| PB 0x000000009a400000| Complete 
| 421|0x000000009a500000, 0x000000009a600000, 0x000000009a600000|100%| E|CS|TAMS 0x000000009a500000| PB 0x000000009a500000| Complete 
| 422|0x000000009a600000, 0x000000009a700000, 0x000000009a700000|100%| E|CS|TAMS 0x000000009a600000| PB 0x000000009a600000| Complete 
| 423|0x000000009a700000, 0x000000009a800000, 0x000000009a800000|100%| E|CS|TAMS 0x000000009a700000| PB 0x000000009a700000| Complete 
| 424|0x000000009a800000, 0x000000009a900000, 0x000000009a900000|100%| E|CS|TAMS 0x000000009a800000| PB 0x000000009a800000| Complete 
| 425|0x000000009a900000, 0x000000009aa00000, 0x000000009aa00000|100%| E|CS|TAMS 0x000000009a900000| PB 0x000000009a900000| Complete 
| 426|0x000000009aa00000, 0x000000009ab00000, 0x000000009ab00000|100%| E|CS|TAMS 0x000000009aa00000| PB 0x000000009aa00000| Complete 
| 427|0x000000009ab00000, 0x000000009ac00000, 0x000000009ac00000|100%| E|CS|TAMS 0x000000009ab00000| PB 0x000000009ab00000| Complete 
| 428|0x000000009ac00000, 0x000000009ad00000, 0x000000009ad00000|100%| E|CS|TAMS 0x000000009ac00000| PB 0x000000009ac00000| Complete 
| 429|0x000000009ad00000, 0x000000009ae00000, 0x000000009ae00000|100%| E|CS|TAMS 0x000000009ad00000| PB 0x000000009ad00000| Complete 
| 430|0x000000009ae00000, 0x000000009af00000, 0x000000009af00000|100%| E|  |TAMS 0x000000009ae00000| PB 0x000000009ae00000| Complete 
| 431|0x000000009af00000, 0x000000009b000000, 0x000000009b000000|100%| E|CS|TAMS 0x000000009af00000| PB 0x000000009af00000| Complete 
| 432|0x000000009b000000, 0x000000009b100000, 0x000000009b100000|100%| E|CS|TAMS 0x000000009b000000| PB 0x000000009b000000| Complete 
| 433|0x000000009b100000, 0x000000009b200000, 0x000000009b200000|100%| E|CS|TAMS 0x000000009b100000| PB 0x000000009b100000| Complete 
| 434|0x000000009b200000, 0x000000009b300000, 0x000000009b300000|100%| E|CS|TAMS 0x000000009b200000| PB 0x000000009b200000| Complete 
| 435|0x000000009b300000, 0x000000009b400000, 0x000000009b400000|100%| E|CS|TAMS 0x000000009b300000| PB 0x000000009b300000| Complete 
| 436|0x000000009b400000, 0x000000009b500000, 0x000000009b500000|100%| E|CS|TAMS 0x000000009b400000| PB 0x000000009b400000| Complete 
| 437|0x000000009b500000, 0x000000009b600000, 0x000000009b600000|100%| E|CS|TAMS 0x000000009b500000| PB 0x000000009b500000| Complete 
| 438|0x000000009b600000, 0x000000009b700000, 0x000000009b700000|100%| E|CS|TAMS 0x000000009b600000| PB 0x000000009b600000| Complete 
| 439|0x000000009b700000, 0x000000009b800000, 0x000000009b800000|100%| E|CS|TAMS 0x000000009b700000| PB 0x000000009b700000| Complete 
| 440|0x000000009b800000, 0x000000009b900000, 0x000000009b900000|100%| E|CS|TAMS 0x000000009b800000| PB 0x000000009b800000| Complete 
| 441|0x000000009b900000, 0x000000009ba00000, 0x000000009ba00000|100%| E|CS|TAMS 0x000000009b900000| PB 0x000000009b900000| Complete 
| 442|0x000000009ba00000, 0x000000009bb00000, 0x000000009bb00000|100%| E|CS|TAMS 0x000000009ba00000| PB 0x000000009ba00000| Complete 
| 443|0x000000009bb00000, 0x000000009bc00000, 0x000000009bc00000|100%| E|CS|TAMS 0x000000009bb00000| PB 0x000000009bb00000| Complete 
| 444|0x000000009bc00000, 0x000000009bd00000, 0x000000009bd00000|100%| E|CS|TAMS 0x000000009bc00000| PB 0x000000009bc00000| Complete 
| 445|0x000000009bd00000, 0x000000009be00000, 0x000000009be00000|100%| E|CS|TAMS 0x000000009bd00000| PB 0x000000009bd00000| Complete 
| 446|0x000000009be00000, 0x000000009bf00000, 0x000000009bf00000|100%| E|CS|TAMS 0x000000009be00000| PB 0x000000009be00000| Complete 
| 447|0x000000009bf00000, 0x000000009c000000, 0x000000009c000000|100%| E|CS|TAMS 0x000000009bf00000| PB 0x000000009bf00000| Complete 
| 448|0x000000009c000000, 0x000000009c100000, 0x000000009c100000|100%| E|CS|TAMS 0x000000009c000000| PB 0x000000009c000000| Complete 
| 449|0x000000009c100000, 0x000000009c200000, 0x000000009c200000|100%| E|CS|TAMS 0x000000009c100000| PB 0x000000009c100000| Complete 
| 450|0x000000009c200000, 0x000000009c300000, 0x000000009c300000|100%| E|CS|TAMS 0x000000009c200000| PB 0x000000009c200000| Complete 
| 451|0x000000009c300000, 0x000000009c400000, 0x000000009c400000|100%| E|CS|TAMS 0x000000009c300000| PB 0x000000009c300000| Complete 
| 452|0x000000009c400000, 0x000000009c500000, 0x000000009c500000|100%| E|CS|TAMS 0x000000009c400000| PB 0x000000009c400000| Complete 
| 453|0x000000009c500000, 0x000000009c600000, 0x000000009c600000|100%| E|CS|TAMS 0x000000009c500000| PB 0x000000009c500000| Complete 
| 454|0x000000009c600000, 0x000000009c700000, 0x000000009c700000|100%| E|CS|TAMS 0x000000009c600000| PB 0x000000009c600000| Complete 
| 455|0x000000009c700000, 0x000000009c800000, 0x000000009c800000|100%| E|CS|TAMS 0x000000009c700000| PB 0x000000009c700000| Complete 
| 456|0x000000009c800000, 0x000000009c900000, 0x000000009c900000|100%| E|CS|TAMS 0x000000009c800000| PB 0x000000009c800000| Complete 
| 457|0x000000009c900000, 0x000000009ca00000, 0x000000009ca00000|100%| E|CS|TAMS 0x000000009c900000| PB 0x000000009c900000| Complete 
| 458|0x000000009ca00000, 0x000000009cb00000, 0x000000009cb00000|100%| E|CS|TAMS 0x000000009ca00000| PB 0x000000009ca00000| Complete 
| 459|0x000000009cb00000, 0x000000009cc00000, 0x000000009cc00000|100%| E|CS|TAMS 0x000000009cb00000| PB 0x000000009cb00000| Complete 
| 460|0x000000009cc00000, 0x000000009cd00000, 0x000000009cd00000|100%| E|CS|TAMS 0x000000009cc00000| PB 0x000000009cc00000| Complete 
| 461|0x000000009cd00000, 0x000000009ce00000, 0x000000009ce00000|100%| E|CS|TAMS 0x000000009cd00000| PB 0x000000009cd00000| Complete 
| 462|0x000000009ce00000, 0x000000009cf00000, 0x000000009cf00000|100%| E|CS|TAMS 0x000000009ce00000| PB 0x000000009ce00000| Complete 
| 463|0x000000009cf00000, 0x000000009d000000, 0x000000009d000000|100%| E|CS|TAMS 0x000000009cf00000| PB 0x000000009cf00000| Complete 
| 464|0x000000009d000000, 0x000000009d100000, 0x000000009d100000|100%| E|CS|TAMS 0x000000009d000000| PB 0x000000009d000000| Complete 
| 465|0x000000009d100000, 0x000000009d200000, 0x000000009d200000|100%| E|CS|TAMS 0x000000009d100000| PB 0x000000009d100000| Complete 
| 466|0x000000009d200000, 0x000000009d300000, 0x000000009d300000|100%| E|CS|TAMS 0x000000009d200000| PB 0x000000009d200000| Complete 
| 467|0x000000009d300000, 0x000000009d400000, 0x000000009d400000|100%| E|CS|TAMS 0x000000009d300000| PB 0x000000009d300000| Complete 
| 468|0x000000009d400000, 0x000000009d500000, 0x000000009d500000|100%| E|CS|TAMS 0x000000009d400000| PB 0x000000009d400000| Complete 
| 469|0x000000009d500000, 0x000000009d600000, 0x000000009d600000|100%| E|CS|TAMS 0x000000009d500000| PB 0x000000009d500000| Complete 
| 470|0x000000009d600000, 0x000000009d700000, 0x000000009d700000|100%| E|CS|TAMS 0x000000009d600000| PB 0x000000009d600000| Complete 
| 471|0x000000009d700000, 0x000000009d800000, 0x000000009d800000|100%| E|CS|TAMS 0x000000009d700000| PB 0x000000009d700000| Complete 
| 472|0x000000009d800000, 0x000000009d900000, 0x000000009d900000|100%| E|CS|TAMS 0x000000009d800000| PB 0x000000009d800000| Complete 
| 473|0x000000009d900000, 0x000000009da00000, 0x000000009da00000|100%| E|CS|TAMS 0x000000009d900000| PB 0x000000009d900000| Complete 
| 474|0x000000009da00000, 0x000000009db00000, 0x000000009db00000|100%| E|CS|TAMS 0x000000009da00000| PB 0x000000009da00000| Complete 
| 475|0x000000009db00000, 0x000000009dc00000, 0x000000009dc00000|100%| E|CS|TAMS 0x000000009db00000| PB 0x000000009db00000| Complete 
| 476|0x000000009dc00000, 0x000000009dd00000, 0x000000009dd00000|100%| E|CS|TAMS 0x000000009dc00000| PB 0x000000009dc00000| Complete 
| 477|0x000000009dd00000, 0x000000009de00000, 0x000000009de00000|100%| E|CS|TAMS 0x000000009dd00000| PB 0x000000009dd00000| Complete 
| 478|0x000000009de00000, 0x000000009df00000, 0x000000009df00000|100%| E|CS|TAMS 0x000000009de00000| PB 0x000000009de00000| Complete 
| 479|0x000000009df00000, 0x000000009e000000, 0x000000009e000000|100%| E|CS|TAMS 0x000000009df00000| PB 0x000000009df00000| Complete 
| 480|0x000000009e000000, 0x000000009e100000, 0x000000009e100000|100%| E|CS|TAMS 0x000000009e000000| PB 0x000000009e000000| Complete 
| 481|0x000000009e100000, 0x000000009e200000, 0x000000009e200000|100%| E|CS|TAMS 0x000000009e100000| PB 0x000000009e100000| Complete 
| 482|0x000000009e200000, 0x000000009e300000, 0x000000009e300000|100%| E|CS|TAMS 0x000000009e200000| PB 0x000000009e200000| Complete 
| 483|0x000000009e300000, 0x000000009e400000, 0x000000009e400000|100%| E|CS|TAMS 0x000000009e300000| PB 0x000000009e300000| Complete 
| 484|0x000000009e400000, 0x000000009e500000, 0x000000009e500000|100%| E|CS|TAMS 0x000000009e400000| PB 0x000000009e400000| Complete 
| 485|0x000000009e500000, 0x000000009e600000, 0x000000009e600000|100%| E|CS|TAMS 0x000000009e500000| PB 0x000000009e500000| Complete 
| 486|0x000000009e600000, 0x000000009e700000, 0x000000009e700000|100%| E|CS|TAMS 0x000000009e600000| PB 0x000000009e600000| Complete 
| 487|0x000000009e700000, 0x000000009e800000, 0x000000009e800000|100%| E|CS|TAMS 0x000000009e700000| PB 0x000000009e700000| Complete 
| 488|0x000000009e800000, 0x000000009e900000, 0x000000009e900000|100%| E|CS|TAMS 0x000000009e800000| PB 0x000000009e800000| Complete 
| 489|0x000000009e900000, 0x000000009ea00000, 0x000000009ea00000|100%| E|CS|TAMS 0x000000009e900000| PB 0x000000009e900000| Complete 
| 490|0x000000009ea00000, 0x000000009eb00000, 0x000000009eb00000|100%| E|CS|TAMS 0x000000009ea00000| PB 0x000000009ea00000| Complete 
| 491|0x000000009eb00000, 0x000000009ec00000, 0x000000009ec00000|100%| E|CS|TAMS 0x000000009eb00000| PB 0x000000009eb00000| Complete 
| 492|0x000000009ec00000, 0x000000009ed00000, 0x000000009ed00000|100%| E|CS|TAMS 0x000000009ec00000| PB 0x000000009ec00000| Complete 
| 493|0x000000009ed00000, 0x000000009ee00000, 0x000000009ee00000|100%| E|CS|TAMS 0x000000009ed00000| PB 0x000000009ed00000| Complete 
| 494|0x000000009ee00000, 0x000000009ef00000, 0x000000009ef00000|100%| E|CS|TAMS 0x000000009ee00000| PB 0x000000009ee00000| Complete 
| 495|0x000000009ef00000, 0x000000009f000000, 0x000000009f000000|100%| E|CS|TAMS 0x000000009ef00000| PB 0x000000009ef00000| Complete 
| 496|0x000000009f000000, 0x000000009f100000, 0x000000009f100000|100%| E|CS|TAMS 0x000000009f000000| PB 0x000000009f000000| Complete 
| 497|0x000000009f100000, 0x000000009f200000, 0x000000009f200000|100%| E|CS|TAMS 0x000000009f100000| PB 0x000000009f100000| Complete 
| 498|0x000000009f200000, 0x000000009f300000, 0x000000009f300000|100%| E|CS|TAMS 0x000000009f200000| PB 0x000000009f200000| Complete 
| 499|0x000000009f300000, 0x000000009f400000, 0x000000009f400000|100%| E|CS|TAMS 0x000000009f300000| PB 0x000000009f300000| Complete 
| 500|0x000000009f400000, 0x000000009f500000, 0x000000009f500000|100%| E|CS|TAMS 0x000000009f400000| PB 0x000000009f400000| Complete 
| 501|0x000000009f500000, 0x000000009f600000, 0x000000009f600000|100%| E|CS|TAMS 0x000000009f500000| PB 0x000000009f500000| Complete 
| 502|0x000000009f600000, 0x000000009f700000, 0x000000009f700000|100%| E|CS|TAMS 0x000000009f600000| PB 0x000000009f600000| Complete 
| 503|0x000000009f700000, 0x000000009f800000, 0x000000009f800000|100%| E|CS|TAMS 0x000000009f700000| PB 0x000000009f700000| Complete 
| 504|0x000000009f800000, 0x000000009f900000, 0x000000009f900000|100%| E|CS|TAMS 0x000000009f800000| PB 0x000000009f800000| Complete 
| 505|0x000000009f900000, 0x000000009fa00000, 0x000000009fa00000|100%| E|CS|TAMS 0x000000009f900000| PB 0x000000009f900000| Complete 
| 506|0x000000009fa00000, 0x000000009fb00000, 0x000000009fb00000|100%| E|CS|TAMS 0x000000009fa00000| PB 0x000000009fa00000| Complete 
| 507|0x000000009fb00000, 0x000000009fc00000, 0x000000009fc00000|100%| E|CS|TAMS 0x000000009fb00000| PB 0x000000009fb00000| Complete 
| 508|0x000000009fc00000, 0x000000009fd00000, 0x000000009fd00000|100%| E|CS|TAMS 0x000000009fc00000| PB 0x000000009fc00000| Complete 
| 509|0x000000009fd00000, 0x000000009fe00000, 0x000000009fe00000|100%| E|CS|TAMS 0x000000009fd00000| PB 0x000000009fd00000| Complete 
| 510|0x000000009fe00000, 0x000000009ff00000, 0x000000009ff00000|100%| E|CS|TAMS 0x000000009fe00000| PB 0x000000009fe00000| Complete 
| 511|0x000000009ff00000, 0x00000000a0000000, 0x00000000a0000000|100%| E|CS|TAMS 0x000000009ff00000| PB 0x000000009ff00000| Complete 
| 512|0x00000000a0000000, 0x00000000a0100000, 0x00000000a0100000|100%| E|CS|TAMS 0x00000000a0000000| PB 0x00000000a0000000| Complete 
| 513|0x00000000a0100000, 0x00000000a0200000, 0x00000000a0200000|100%| E|CS|TAMS 0x00000000a0100000| PB 0x00000000a0100000| Complete 
| 514|0x00000000a0200000, 0x00000000a0300000, 0x00000000a0300000|100%| E|CS|TAMS 0x00000000a0200000| PB 0x00000000a0200000| Complete 
| 515|0x00000000a0300000, 0x00000000a0400000, 0x00000000a0400000|100%| E|CS|TAMS 0x00000000a0300000| PB 0x00000000a0300000| Complete 
| 516|0x00000000a0400000, 0x00000000a0500000, 0x00000000a0500000|100%| E|CS|TAMS 0x00000000a0400000| PB 0x00000000a0400000| Complete 
| 517|0x00000000a0500000, 0x00000000a0600000, 0x00000000a0600000|100%| E|CS|TAMS 0x00000000a0500000| PB 0x00000000a0500000| Complete 
| 518|0x00000000a0600000, 0x00000000a0700000, 0x00000000a0700000|100%| E|CS|TAMS 0x00000000a0600000| PB 0x00000000a0600000| Complete 
| 519|0x00000000a0700000, 0x00000000a0800000, 0x00000000a0800000|100%| E|CS|TAMS 0x00000000a0700000| PB 0x00000000a0700000| Complete 
| 520|0x00000000a0800000, 0x00000000a0900000, 0x00000000a0900000|100%| E|CS|TAMS 0x00000000a0800000| PB 0x00000000a0800000| Complete 
| 521|0x00000000a0900000, 0x00000000a0a00000, 0x00000000a0a00000|100%| E|CS|TAMS 0x00000000a0900000| PB 0x00000000a0900000| Complete 
| 522|0x00000000a0a00000, 0x00000000a0b00000, 0x00000000a0b00000|100%| E|CS|TAMS 0x00000000a0a00000| PB 0x00000000a0a00000| Complete 
| 523|0x00000000a0b00000, 0x00000000a0c00000, 0x00000000a0c00000|100%| E|CS|TAMS 0x00000000a0b00000| PB 0x00000000a0b00000| Complete 
| 524|0x00000000a0c00000, 0x00000000a0d00000, 0x00000000a0d00000|100%| E|CS|TAMS 0x00000000a0c00000| PB 0x00000000a0c00000| Complete 
| 525|0x00000000a0d00000, 0x00000000a0e00000, 0x00000000a0e00000|100%| E|CS|TAMS 0x00000000a0d00000| PB 0x00000000a0d00000| Complete 
| 526|0x00000000a0e00000, 0x00000000a0f00000, 0x00000000a0f00000|100%| E|CS|TAMS 0x00000000a0e00000| PB 0x00000000a0e00000| Complete 
| 527|0x00000000a0f00000, 0x00000000a1000000, 0x00000000a1000000|100%| E|CS|TAMS 0x00000000a0f00000| PB 0x00000000a0f00000| Complete 
| 528|0x00000000a1000000, 0x00000000a1100000, 0x00000000a1100000|100%| E|CS|TAMS 0x00000000a1000000| PB 0x00000000a1000000| Complete 
| 529|0x00000000a1100000, 0x00000000a1200000, 0x00000000a1200000|100%| E|CS|TAMS 0x00000000a1100000| PB 0x00000000a1100000| Complete 
| 530|0x00000000a1200000, 0x00000000a1300000, 0x00000000a1300000|100%| E|CS|TAMS 0x00000000a1200000| PB 0x00000000a1200000| Complete 
| 531|0x00000000a1300000, 0x00000000a1400000, 0x00000000a1400000|100%| E|CS|TAMS 0x00000000a1300000| PB 0x00000000a1300000| Complete 
| 532|0x00000000a1400000, 0x00000000a1500000, 0x00000000a1500000|100%| E|CS|TAMS 0x00000000a1400000| PB 0x00000000a1400000| Complete 
| 533|0x00000000a1500000, 0x00000000a1600000, 0x00000000a1600000|100%| E|CS|TAMS 0x00000000a1500000| PB 0x00000000a1500000| Complete 
| 534|0x00000000a1600000, 0x00000000a1700000, 0x00000000a1700000|100%| E|CS|TAMS 0x00000000a1600000| PB 0x00000000a1600000| Complete 
| 535|0x00000000a1700000, 0x00000000a1800000, 0x00000000a1800000|100%| E|CS|TAMS 0x00000000a1700000| PB 0x00000000a1700000| Complete 
| 536|0x00000000a1800000, 0x00000000a1900000, 0x00000000a1900000|100%| E|CS|TAMS 0x00000000a1800000| PB 0x00000000a1800000| Complete 
| 537|0x00000000a1900000, 0x00000000a1a00000, 0x00000000a1a00000|100%| E|CS|TAMS 0x00000000a1900000| PB 0x00000000a1900000| Complete 
| 538|0x00000000a1a00000, 0x00000000a1b00000, 0x00000000a1b00000|100%| E|CS|TAMS 0x00000000a1a00000| PB 0x00000000a1a00000| Complete 
| 539|0x00000000a1b00000, 0x00000000a1c00000, 0x00000000a1c00000|100%| E|CS|TAMS 0x00000000a1b00000| PB 0x00000000a1b00000| Complete 
| 540|0x00000000a1c00000, 0x00000000a1d00000, 0x00000000a1d00000|100%| E|CS|TAMS 0x00000000a1c00000| PB 0x00000000a1c00000| Complete 
| 541|0x00000000a1d00000, 0x00000000a1e00000, 0x00000000a1e00000|100%| E|CS|TAMS 0x00000000a1d00000| PB 0x00000000a1d00000| Complete 
| 542|0x00000000a1e00000, 0x00000000a1f00000, 0x00000000a1f00000|100%| E|CS|TAMS 0x00000000a1e00000| PB 0x00000000a1e00000| Complete 
| 543|0x00000000a1f00000, 0x00000000a2000000, 0x00000000a2000000|100%| E|CS|TAMS 0x00000000a1f00000| PB 0x00000000a1f00000| Complete 
| 544|0x00000000a2000000, 0x00000000a2100000, 0x00000000a2100000|100%| E|CS|TAMS 0x00000000a2000000| PB 0x00000000a2000000| Complete 
| 545|0x00000000a2100000, 0x00000000a2200000, 0x00000000a2200000|100%| E|CS|TAMS 0x00000000a2100000| PB 0x00000000a2100000| Complete 
| 546|0x00000000a2200000, 0x00000000a2300000, 0x00000000a2300000|100%| E|CS|TAMS 0x00000000a2200000| PB 0x00000000a2200000| Complete 
| 547|0x00000000a2300000, 0x00000000a2400000, 0x00000000a2400000|100%| E|CS|TAMS 0x00000000a2300000| PB 0x00000000a2300000| Complete 
| 548|0x00000000a2400000, 0x00000000a2500000, 0x00000000a2500000|100%| E|CS|TAMS 0x00000000a2400000| PB 0x00000000a2400000| Complete 
| 549|0x00000000a2500000, 0x00000000a2600000, 0x00000000a2600000|100%| E|CS|TAMS 0x00000000a2500000| PB 0x00000000a2500000| Complete 
| 550|0x00000000a2600000, 0x00000000a2700000, 0x00000000a2700000|100%| E|CS|TAMS 0x00000000a2600000| PB 0x00000000a2600000| Complete 
| 551|0x00000000a2700000, 0x00000000a2800000, 0x00000000a2800000|100%| E|CS|TAMS 0x00000000a2700000| PB 0x00000000a2700000| Complete 
| 552|0x00000000a2800000, 0x00000000a2900000, 0x00000000a2900000|100%| E|CS|TAMS 0x00000000a2800000| PB 0x00000000a2800000| Complete 
| 553|0x00000000a2900000, 0x00000000a2a00000, 0x00000000a2a00000|100%| E|CS|TAMS 0x00000000a2900000| PB 0x00000000a2900000| Complete 
| 554|0x00000000a2a00000, 0x00000000a2b00000, 0x00000000a2b00000|100%| E|CS|TAMS 0x00000000a2a00000| PB 0x00000000a2a00000| Complete 
| 555|0x00000000a2b00000, 0x00000000a2c00000, 0x00000000a2c00000|100%| E|CS|TAMS 0x00000000a2b00000| PB 0x00000000a2b00000| Complete 
| 556|0x00000000a2c00000, 0x00000000a2d00000, 0x00000000a2d00000|100%| E|CS|TAMS 0x00000000a2c00000| PB 0x00000000a2c00000| Complete 
| 557|0x00000000a2d00000, 0x00000000a2e00000, 0x00000000a2e00000|100%| E|CS|TAMS 0x00000000a2d00000| PB 0x00000000a2d00000| Complete 
| 558|0x00000000a2e00000, 0x00000000a2f00000, 0x00000000a2f00000|100%| E|CS|TAMS 0x00000000a2e00000| PB 0x00000000a2e00000| Complete 
| 559|0x00000000a2f00000, 0x00000000a3000000, 0x00000000a3000000|100%| E|CS|TAMS 0x00000000a2f00000| PB 0x00000000a2f00000| Complete 
| 560|0x00000000a3000000, 0x00000000a3100000, 0x00000000a3100000|100%| E|CS|TAMS 0x00000000a3000000| PB 0x00000000a3000000| Complete 
| 561|0x00000000a3100000, 0x00000000a3200000, 0x00000000a3200000|100%| E|CS|TAMS 0x00000000a3100000| PB 0x00000000a3100000| Complete 
| 562|0x00000000a3200000, 0x00000000a3300000, 0x00000000a3300000|100%| E|CS|TAMS 0x00000000a3200000| PB 0x00000000a3200000| Complete 
| 563|0x00000000a3300000, 0x00000000a3400000, 0x00000000a3400000|100%| E|CS|TAMS 0x00000000a3300000| PB 0x00000000a3300000| Complete 
| 564|0x00000000a3400000, 0x00000000a3500000, 0x00000000a3500000|100%| E|CS|TAMS 0x00000000a3400000| PB 0x00000000a3400000| Complete 
| 565|0x00000000a3500000, 0x00000000a3600000, 0x00000000a3600000|100%| E|CS|TAMS 0x00000000a3500000| PB 0x00000000a3500000| Complete 
| 566|0x00000000a3600000, 0x00000000a3700000, 0x00000000a3700000|100%| E|CS|TAMS 0x00000000a3600000| PB 0x00000000a3600000| Complete 
| 567|0x00000000a3700000, 0x00000000a3800000, 0x00000000a3800000|100%| E|CS|TAMS 0x00000000a3700000| PB 0x00000000a3700000| Complete 
| 568|0x00000000a3800000, 0x00000000a3900000, 0x00000000a3900000|100%| E|CS|TAMS 0x00000000a3800000| PB 0x00000000a3800000| Complete 
| 569|0x00000000a3900000, 0x00000000a3a00000, 0x00000000a3a00000|100%| E|CS|TAMS 0x00000000a3900000| PB 0x00000000a3900000| Complete 
| 570|0x00000000a3a00000, 0x00000000a3b00000, 0x00000000a3b00000|100%| E|CS|TAMS 0x00000000a3a00000| PB 0x00000000a3a00000| Complete 
| 571|0x00000000a3b00000, 0x00000000a3c00000, 0x00000000a3c00000|100%| E|CS|TAMS 0x00000000a3b00000| PB 0x00000000a3b00000| Complete 
| 572|0x00000000a3c00000, 0x00000000a3d00000, 0x00000000a3d00000|100%| E|CS|TAMS 0x00000000a3c00000| PB 0x00000000a3c00000| Complete 
| 573|0x00000000a3d00000, 0x00000000a3e00000, 0x00000000a3e00000|100%| E|CS|TAMS 0x00000000a3d00000| PB 0x00000000a3d00000| Complete 
| 574|0x00000000a3e00000, 0x00000000a3f00000, 0x00000000a3f00000|100%| E|CS|TAMS 0x00000000a3e00000| PB 0x00000000a3e00000| Complete 
| 575|0x00000000a3f00000, 0x00000000a4000000, 0x00000000a4000000|100%| E|CS|TAMS 0x00000000a3f00000| PB 0x00000000a3f00000| Complete 
| 576|0x00000000a4000000, 0x00000000a4100000, 0x00000000a4100000|100%| E|CS|TAMS 0x00000000a4000000| PB 0x00000000a4000000| Complete 
| 577|0x00000000a4100000, 0x00000000a4200000, 0x00000000a4200000|100%| E|CS|TAMS 0x00000000a4100000| PB 0x00000000a4100000| Complete 
| 578|0x00000000a4200000, 0x00000000a4300000, 0x00000000a4300000|100%| E|CS|TAMS 0x00000000a4200000| PB 0x00000000a4200000| Complete 
| 579|0x00000000a4300000, 0x00000000a4400000, 0x00000000a4400000|100%| E|CS|TAMS 0x00000000a4300000| PB 0x00000000a4300000| Complete 
| 580|0x00000000a4400000, 0x00000000a4500000, 0x00000000a4500000|100%| E|CS|TAMS 0x00000000a4400000| PB 0x00000000a4400000| Complete 
| 581|0x00000000a4500000, 0x00000000a4600000, 0x00000000a4600000|100%| E|CS|TAMS 0x00000000a4500000| PB 0x00000000a4500000| Complete 
| 582|0x00000000a4600000, 0x00000000a4700000, 0x00000000a4700000|100%| E|CS|TAMS 0x00000000a4600000| PB 0x00000000a4600000| Complete 
| 583|0x00000000a4700000, 0x00000000a4800000, 0x00000000a4800000|100%| E|CS|TAMS 0x00000000a4700000| PB 0x00000000a4700000| Complete 
| 584|0x00000000a4800000, 0x00000000a4900000, 0x00000000a4900000|100%| E|CS|TAMS 0x00000000a4800000| PB 0x00000000a4800000| Complete 
| 585|0x00000000a4900000, 0x00000000a4a00000, 0x00000000a4a00000|100%| E|CS|TAMS 0x00000000a4900000| PB 0x00000000a4900000| Complete 
| 586|0x00000000a4a00000, 0x00000000a4b00000, 0x00000000a4b00000|100%| E|CS|TAMS 0x00000000a4a00000| PB 0x00000000a4a00000| Complete 
| 587|0x00000000a4b00000, 0x00000000a4c00000, 0x00000000a4c00000|100%| E|CS|TAMS 0x00000000a4b00000| PB 0x00000000a4b00000| Complete 
| 588|0x00000000a4c00000, 0x00000000a4d00000, 0x00000000a4d00000|100%| E|CS|TAMS 0x00000000a4c00000| PB 0x00000000a4c00000| Complete 
| 589|0x00000000a4d00000, 0x00000000a4e00000, 0x00000000a4e00000|100%| E|CS|TAMS 0x00000000a4d00000| PB 0x00000000a4d00000| Complete 
| 590|0x00000000a4e00000, 0x00000000a4f00000, 0x00000000a4f00000|100%| E|CS|TAMS 0x00000000a4e00000| PB 0x00000000a4e00000| Complete 
| 591|0x00000000a4f00000, 0x00000000a5000000, 0x00000000a5000000|100%| E|CS|TAMS 0x00000000a4f00000| PB 0x00000000a4f00000| Complete 
| 592|0x00000000a5000000, 0x00000000a5100000, 0x00000000a5100000|100%| E|CS|TAMS 0x00000000a5000000| PB 0x00000000a5000000| Complete 
| 593|0x00000000a5100000, 0x00000000a5200000, 0x00000000a5200000|100%| E|CS|TAMS 0x00000000a5100000| PB 0x00000000a5100000| Complete 
| 594|0x00000000a5200000, 0x00000000a5300000, 0x00000000a5300000|100%| E|CS|TAMS 0x00000000a5200000| PB 0x00000000a5200000| Complete 
| 595|0x00000000a5300000, 0x00000000a5400000, 0x00000000a5400000|100%| E|CS|TAMS 0x00000000a5300000| PB 0x00000000a5300000| Complete 
| 596|0x00000000a5400000, 0x00000000a5500000, 0x00000000a5500000|100%| E|CS|TAMS 0x00000000a5400000| PB 0x00000000a5400000| Complete 
| 597|0x00000000a5500000, 0x00000000a5600000, 0x00000000a5600000|100%| E|CS|TAMS 0x00000000a5500000| PB 0x00000000a5500000| Complete 
| 598|0x00000000a5600000, 0x00000000a5700000, 0x00000000a5700000|100%| E|CS|TAMS 0x00000000a5600000| PB 0x00000000a5600000| Complete 
| 599|0x00000000a5700000, 0x00000000a5800000, 0x00000000a5800000|100%| E|CS|TAMS 0x00000000a5700000| PB 0x00000000a5700000| Complete 
|2033|0x00000000ff100000, 0x00000000ff200000, 0x00000000ff200000|100%| O|Cm|TAMS 0x00000000ff100000| PB 0x00000000ff100000| Complete 
|2034|0x00000000ff200000, 0x00000000ff300000, 0x00000000ff300000|100%| E|CS|TAMS 0x00000000ff200000| PB 0x00000000ff200000| Complete 
|2035|0x00000000ff300000, 0x00000000ff400000, 0x00000000ff400000|100%| E|CS|TAMS 0x00000000ff300000| PB 0x00000000ff300000| Complete 
|2036|0x00000000ff400000, 0x00000000ff500000, 0x00000000ff500000|100%| E|CS|TAMS 0x00000000ff400000| PB 0x00000000ff400000| Complete 
|2037|0x00000000ff500000, 0x00000000ff600000, 0x00000000ff600000|100%| E|CS|TAMS 0x00000000ff500000| PB 0x00000000ff500000| Complete 
|2038|0x00000000ff600000, 0x00000000ff700000, 0x00000000ff700000|100%| O|  |TAMS 0x00000000ff600000| PB 0x00000000ff600000| Untracked 
|2039|0x00000000ff700000, 0x00000000ff800000, 0x00000000ff800000|100%| E|CS|TAMS 0x00000000ff700000| PB 0x00000000ff700000| Complete 
|2040|0x00000000ff800000, 0x00000000ff900000, 0x00000000ff900000|100%| E|CS|TAMS 0x00000000ff800000| PB 0x00000000ff800000| Complete 
|2041|0x00000000ff900000, 0x00000000ffa00000, 0x00000000ffa00000|100%| E|CS|TAMS 0x00000000ff900000| PB 0x00000000ff900000| Complete 
|2042|0x00000000ffa00000, 0x00000000ffb00000, 0x00000000ffb00000|100%| E|CS|TAMS 0x00000000ffa00000| PB 0x00000000ffa00000| Complete 
|2043|0x00000000ffb00000, 0x00000000ffc00000, 0x00000000ffc00000|100%| O|  |TAMS 0x00000000ffb00000| PB 0x00000000ffb00000| Untracked 
|2044|0x00000000ffc00000, 0x00000000ffd00000, 0x00000000ffd00000|100%| E|CS|TAMS 0x00000000ffc00000| PB 0x00000000ffc00000| Complete 
|2045|0x00000000ffd00000, 0x00000000ffe00000, 0x00000000ffe00000|100%| O|  |TAMS 0x00000000ffd00000| PB 0x00000000ffd00000| Untracked 
|2046|0x00000000ffe00000, 0x00000000fff00000, 0x00000000fff00000|100%| O|  |TAMS 0x00000000ffe00000| PB 0x00000000ffe00000| Untracked 
|2047|0x00000000fff00000, 0x0000000100000000, 0x0000000100000000|100%| O|  |TAMS 0x00000000fff00000| PB 0x00000000fff00000| Untracked 

Card table byte_map: [0x0000012440230000,0x0000012440630000] _byte_map_base: 0x000001243fe30000

Marking Bits: (CMBitMap*) 0x00000124256b1540
 Bits: [0x0000012440630000, 0x0000012442630000)

Polling page: 0x00000124255f0000

Metaspace:

Usage:
  Non-class:    170.87 MB used.
      Class:     25.36 MB used.
       Both:    196.23 MB used.

Virtual space:
  Non-class space:      192.00 MB reserved,     172.44 MB ( 90%) committed,  3 nodes.
      Class space:      832.00 MB reserved,      26.94 MB (  3%) committed,  1 nodes.
             Both:        1.00 GB reserved,     199.38 MB ( 19%) committed. 

Chunk freelists:
   Non-Class:  3.20 MB
       Class:  5.04 MB
        Both:  8.24 MB

MaxMetaspaceSize: 1.00 GB
CompressedClassSpaceSize: 832.00 MB
Initial GC threshold: 21.00 MB
Current GC threshold: 331.88 MB
CDS: on
 - commit_granule_bytes: 65536.
 - commit_granule_words: 8192.
 - virtual_space_node_default_size: 8388608.
 - enlarge_chunks_in_place: 1.
 - use_allocation_guard: 0.


Internal statistics:

num_allocs_failed_limit: 12.
num_arena_births: 5780.
num_arena_deaths: 4.
num_vsnodes_births: 4.
num_vsnodes_deaths: 0.
num_space_committed: 3188.
num_space_uncommitted: 0.
num_chunks_returned_to_freelist: 21.
num_chunks_taken_from_freelist: 14651.
num_chunk_merges: 9.
num_chunk_splits: 9942.
num_chunks_enlarged: 6725.
num_inconsistent_stats: 0.

CodeHeap 'non-profiled nmethods': size=128192Kb used=20371Kb max_used=20371Kb free=107820Kb
 bounds [0x0000012437530000, 0x0000012438920000, 0x000001243f260000]
CodeHeap 'profiled nmethods': size=128192Kb used=52213Kb max_used=52213Kb free=75978Kb
 bounds [0x000001242f260000, 0x0000012432560000, 0x0000012436f90000]
CodeHeap 'non-nmethods': size=5760Kb used=3339Kb max_used=3386Kb free=2420Kb
 bounds [0x0000012436f90000, 0x00000124372f0000, 0x0000012437530000]
 total_blobs=26001 nmethods=24686 adapters=1216
 compilation: enabled
              stopped_count=0, restarted_count=0
 full_count=0

Compilation events (20 events):
Event: 253.828 Thread 0x000001244529fda0 nmethod 31350 0x000001243890fa90 code [0x000001243890fc20, 0x0000012438910030]
Event: 253.860 Thread 0x000001244529fda0 31351       4       org.gradle.cache.internal.DefaultCrossBuildInMemoryCacheFactory$CrossBuildCacheRetainingDataFromPreviousBuild::getIfPresent (17 bytes)
Event: 253.885 Thread 0x000001244529fda0 nmethod 31351 0x0000012438910210 code [0x0000012438910420, 0x0000012438910980]
Event: 253.885 Thread 0x000001244529fda0 31352       4       org.gradle.internal.execution.steps.IdentityCacheStep::executeDeferred (11 bytes)
Event: 253.932 Thread 0x000001244529fda0 nmethod 31352 0x0000012438910e90 code [0x0000012438911100, 0x0000012438911b20]
Event: 253.933 Thread 0x000001244529fda0 31353       4       org.gradle.internal.execution.steps.IdentityCacheStep::executeDeferred (61 bytes)
Event: 253.973 Thread 0x000001244529fda0 nmethod 31353 0x0000012438912490 code [0x0000012438912700, 0x00000124389130d0]
Event: 253.973 Thread 0x000001244529fda0 31354       4       org.gradle.api.internal.artifacts.transform.AbstractTransformExecution$$Lambda/0x0000012447867478::getValue (8 bytes)
Event: 253.999 Thread 0x000001244529fda0 nmethod 31354 0x0000012438913a10 code [0x0000012438913c20, 0x00000124389143c0]
Event: 254.026 Thread 0x000001244529fda0 31355       4       org.gradle.internal.snapshot.AbstractListChildMap$2::withReplacedChild (14 bytes)
Event: 254.030 Thread 0x000001244529fda0 nmethod 31355 0x0000012438914910 code [0x0000012438914aa0, 0x0000012438914b90]
Event: 254.047 Thread 0x000001244529fda0 31356       4       org.gradle.api.internal.artifacts.transform.DefaultTransformInvocationFactory::createInvocation (273 bytes)
Event: 254.429 Thread 0x00000124452aa3c0 31361       3       com.google.common.base.Preconditions::checkNotNull (29 bytes)
Event: 254.430 Thread 0x00000124452aa3c0 nmethod 31361 0x0000012432554390 code [0x0000012432554580, 0x0000012432554a08]
Event: 254.453 Thread 0x00000124452aa3c0 31362   !   3       com.google.common.cache.LocalCache$Segment::put (439 bytes)
Event: 254.469 Thread 0x00000124452aa3c0 nmethod 31362 0x0000012432554b90 code [0x0000012432555400, 0x000001243255a220]
Event: 254.491 Thread 0x00000124452aa3c0 31363       3       org.gradle.api.file.RelativePath::parse (16 bytes)
Event: 254.492 Thread 0x00000124452aa3c0 nmethod 31363 0x000001243255c610 code [0x000001243255c7c0, 0x000001243255c998]
Event: 254.576 Thread 0x00000124452aa3c0 31364   !   3       org.gradle.internal.fingerprint.impl.AbstractFingerprintingStrategy::getNormalizedContentHash (39 bytes)
Event: 254.578 Thread 0x00000124452aa3c0 nmethod 31364 0x000001243255ca90 code [0x000001243255cca0, 0x000001243255d1d8]

GC Heap History (20 events):
Event: 162.757 GC heap before
{Heap before GC invocations=109 (full 0):
 garbage-first heap   total 623616K, used 418887K [0x0000000080000000, 0x0000000100000000)
  region size 1024K, 160 young (163840K), 15 survivors (15360K)
 Metaspace       used 179212K, committed 182272K, reserved 1048576K
  class space    used 23630K, committed 25152K, reserved 851968K
}
Event: 162.779 GC heap after
{Heap after GC invocations=110 (full 0):
 garbage-first heap   total 623616K, used 270140K [0x0000000080000000, 0x0000000100000000)
  region size 1024K, 14 young (14336K), 14 survivors (14336K)
 Metaspace       used 179212K, committed 182272K, reserved 1048576K
  class space    used 23630K, committed 25152K, reserved 851968K
}
Event: 172.569 GC heap before
{Heap before GC invocations=111 (full 0):
 garbage-first heap   total 623616K, used 581436K [0x0000000080000000, 0x0000000100000000)
  region size 1024K, 313 young (320512K), 14 survivors (14336K)
 Metaspace       used 182619K, committed 185728K, reserved 1048576K
  class space    used 23947K, committed 25472K, reserved 851968K
}
Event: 172.620 GC heap after
{Heap after GC invocations=112 (full 0):
 garbage-first heap   total 623616K, used 272400K [0x0000000080000000, 0x0000000100000000)
  region size 1024K, 15 young (15360K), 15 survivors (15360K)
 Metaspace       used 182619K, committed 185728K, reserved 1048576K
  class space    used 23947K, committed 25472K, reserved 851968K
}
Event: 174.927 GC heap before
{Heap before GC invocations=112 (full 0):
 garbage-first heap   total 623616K, used 579600K [0x0000000080000000, 0x0000000100000000)
  region size 1024K, 311 young (318464K), 15 survivors (15360K)
 Metaspace       used 183151K, committed 186240K, reserved 1048576K
  class space    used 23980K, committed 25472K, reserved 851968K
}
Event: 174.946 GC heap after
{Heap after GC invocations=113 (full 0):
 garbage-first heap   total 623616K, used 271326K [0x0000000080000000, 0x0000000100000000)
  region size 1024K, 15 young (15360K), 15 survivors (15360K)
 Metaspace       used 183151K, committed 186240K, reserved 1048576K
  class space    used 23980K, committed 25472K, reserved 851968K
}
Event: 175.667 GC heap before
{Heap before GC invocations=113 (full 0):
 garbage-first heap   total 623616K, used 379870K [0x0000000080000000, 0x0000000100000000)
  region size 1024K, 122 young (124928K), 15 survivors (15360K)
 Metaspace       used 183153K, committed 186240K, reserved 1048576K
  class space    used 23980K, committed 25472K, reserved 851968K
}
Event: 175.685 GC heap after
{Heap after GC invocations=114 (full 0):
 garbage-first heap   total 623616K, used 267855K [0x0000000080000000, 0x0000000100000000)
  region size 1024K, 13 young (13312K), 13 survivors (13312K)
 Metaspace       used 183153K, committed 186240K, reserved 1048576K
  class space    used 23980K, committed 25472K, reserved 851968K
}
Event: 178.829 GC heap before
{Heap before GC invocations=115 (full 0):
 garbage-first heap   total 623616K, used 578127K [0x0000000080000000, 0x0000000100000000)
  region size 1024K, 315 young (322560K), 13 survivors (13312K)
 Metaspace       used 183153K, committed 186240K, reserved 1048576K
  class space    used 23980K, committed 25472K, reserved 851968K
}
Event: 178.875 GC heap after
{Heap after GC invocations=116 (full 0):
 garbage-first heap   total 623616K, used 268703K [0x0000000080000000, 0x0000000100000000)
  region size 1024K, 12 young (12288K), 12 survivors (12288K)
 Metaspace       used 183153K, committed 186240K, reserved 1048576K
  class space    used 23980K, committed 25472K, reserved 851968K
}
Event: 182.899 GC heap before
{Heap before GC invocations=116 (full 0):
 garbage-first heap   total 623616K, used 578975K [0x0000000080000000, 0x0000000100000000)
  region size 1024K, 315 young (322560K), 12 survivors (12288K)
 Metaspace       used 183154K, committed 186240K, reserved 1048576K
  class space    used 23980K, committed 25472K, reserved 851968K
}
Event: 182.927 GC heap after
{Heap after GC invocations=117 (full 0):
 garbage-first heap   total 623616K, used 266275K [0x0000000080000000, 0x0000000100000000)
  region size 1024K, 11 young (11264K), 11 survivors (11264K)
 Metaspace       used 183154K, committed 186240K, reserved 1048576K
  class space    used 23980K, committed 25472K, reserved 851968K
}
Event: 184.412 GC heap before
{Heap before GC invocations=117 (full 0):
 garbage-first heap   total 623616K, used 345123K [0x0000000080000000, 0x0000000100000000)
  region size 1024K, 89 young (91136K), 11 survivors (11264K)
 Metaspace       used 183283K, committed 186432K, reserved 1048576K
  class space    used 23983K, committed 25536K, reserved 851968K
}
Event: 184.436 GC heap after
{Heap after GC invocations=118 (full 0):
 garbage-first heap   total 623616K, used 266980K [0x0000000080000000, 0x0000000100000000)
  region size 1024K, 11 young (11264K), 11 survivors (11264K)
 Metaspace       used 183283K, committed 186432K, reserved 1048576K
  class space    used 23983K, committed 25536K, reserved 851968K
}
Event: 199.639 GC heap before
{Heap before GC invocations=119 (full 0):
 garbage-first heap   total 623616K, used 596708K [0x0000000080000000, 0x0000000100000000)
  region size 1024K, 316 young (323584K), 11 survivors (11264K)
 Metaspace       used 190914K, committed 193984K, reserved 1048576K
  class space    used 24700K, committed 26240K, reserved 851968K
}
Event: 199.893 GC heap after
{Heap after GC invocations=120 (full 0):
 garbage-first heap   total 629760K, used 285040K [0x0000000080000000, 0x0000000100000000)
  region size 1024K, 27 young (27648K), 27 survivors (27648K)
 Metaspace       used 190914K, committed 193984K, reserved 1048576K
  class space    used 24700K, committed 26240K, reserved 851968K
}
Event: 213.373 GC heap before
{Heap before GC invocations=120 (full 0):
 garbage-first heap   total 629760K, used 568688K [0x0000000080000000, 0x0000000100000000)
  region size 1024K, 304 young (311296K), 27 survivors (27648K)
 Metaspace       used 199894K, committed 203008K, reserved 1048576K
  class space    used 25904K, committed 27456K, reserved 851968K
}
Event: 213.529 GC heap after
{Heap after GC invocations=121 (full 0):
 garbage-first heap   total 629760K, used 305940K [0x0000000080000000, 0x0000000100000000)
  region size 1024K, 22 young (22528K), 22 survivors (22528K)
 Metaspace       used 199894K, committed 203008K, reserved 1048576K
  class space    used 25904K, committed 27456K, reserved 851968K
}
Event: 225.832 GC heap before
{Heap before GC invocations=121 (full 0):
 garbage-first heap   total 629760K, used 573204K [0x0000000080000000, 0x0000000100000000)
  region size 1024K, 284 young (290816K), 22 survivors (22528K)
 Metaspace       used 200674K, committed 203904K, reserved 1048576K
  class space    used 25968K, committed 27584K, reserved 851968K
}
Event: 225.894 GC heap after
{Heap after GC invocations=122 (full 0):
 garbage-first heap   total 629760K, used 309144K [0x0000000080000000, 0x0000000100000000)
  region size 1024K, 5 young (5120K), 5 survivors (5120K)
 Metaspace       used 200674K, committed 203904K, reserved 1048576K
  class space    used 25968K, committed 27584K, reserved 851968K
}

Dll operation events (15 events):
Event: 0.015 Loaded shared library C:\Program Files\Java\jdk-21\bin\java.dll
Event: 0.059 Loaded shared library C:\Program Files\Java\jdk-21\bin\jsvml.dll
Event: 0.107 Loaded shared library C:\Program Files\Java\jdk-21\bin\zip.dll
Event: 0.113 Loaded shared library C:\Program Files\Java\jdk-21\bin\instrument.dll
Event: 0.123 Loaded shared library C:\Program Files\Java\jdk-21\bin\net.dll
Event: 0.124 Loaded shared library C:\Program Files\Java\jdk-21\bin\nio.dll
Event: 0.131 Loaded shared library C:\Program Files\Java\jdk-21\bin\zip.dll
Event: 0.424 Loaded shared library C:\Program Files\Java\jdk-21\bin\jimage.dll
Event: 0.593 Loaded shared library C:\Program Files\Java\jdk-21\bin\verify.dll
Event: 0.783 Loaded shared library C:\Users\PC\.gradle\native\1def1411415f61bf3af743bc5b6707747c0891f09f0c88961ee8f79bc544acac\windows-amd64\native-platform.dll
Event: 0.805 Loaded shared library C:\Users\PC\.gradle\native\0.2.7\x86_64-windows-gnu\gradle-fileevents.dll
Event: 2.211 Loaded shared library C:\Program Files\Java\jdk-21\bin\management.dll
Event: 2.214 Loaded shared library C:\Program Files\Java\jdk-21\bin\management_ext.dll
Event: 2.433 Loaded shared library C:\Program Files\Java\jdk-21\bin\extnet.dll
Event: 2.724 Loaded shared library C:\Program Files\Java\jdk-21\bin\sunmscapi.dll

Deoptimization events (20 events):
Event: 253.787 Thread 0x000001241b3f9180 Uncommon trap: trap_request=0xffffffbe fr.pc=0x000001243890b510 relative=0x00000000000002f0
Event: 253.787 Thread 0x000001241b3f9180 Uncommon trap: reason=profile_predicate action=maybe_recompile pc=0x000001243890b510 method=sun.security.provider.HashDrbg.addBytes([BI[[B)V @ 36 c2
Event: 253.787 Thread 0x000001241b3f9180 DEOPT PACKING pc=0x000001243890b510 sp=0x00000018c12fd8f0
Event: 253.787 Thread 0x000001241b3f9180 DEOPT UNPACKING pc=0x0000012436fe46a2 sp=0x00000018c12fd840 mode 2
Event: 253.787 Thread 0x000001241b3f8af0 Uncommon trap: trap_request=0xffffffbe fr.pc=0x000001243890b510 relative=0x00000000000002f0
Event: 253.787 Thread 0x000001241b3f8af0 Uncommon trap: reason=profile_predicate action=maybe_recompile pc=0x000001243890b510 method=sun.security.provider.HashDrbg.addBytes([BI[[B)V @ 36 c2
Event: 253.787 Thread 0x000001241b3f8af0 DEOPT PACKING pc=0x000001243890b510 sp=0x00000018c10fd860
Event: 253.787 Thread 0x000001241b3f8af0 DEOPT UNPACKING pc=0x0000012436fe46a2 sp=0x00000018c10fd7b0 mode 2
Event: 253.788 Thread 0x000001241c90d9f0 Uncommon trap: trap_request=0xffffffbe fr.pc=0x000001243890b510 relative=0x00000000000002f0
Event: 253.788 Thread 0x000001241c90d9f0 Uncommon trap: reason=profile_predicate action=maybe_recompile pc=0x000001243890b510 method=sun.security.provider.HashDrbg.addBytes([BI[[B)V @ 36 c2
Event: 253.788 Thread 0x000001241c90d9f0 DEOPT PACKING pc=0x000001243890b510 sp=0x00000018c18fd1c0
Event: 253.802 Thread 0x000001241c90d9f0 DEOPT UNPACKING pc=0x0000012436fe46a2 sp=0x00000018c18fd110 mode 2
Event: 254.074 Thread 0x000001241b3f7dd0 Uncommon trap: trap_request=0xffffff45 fr.pc=0x0000012437f7b0b4 relative=0x0000000000003294
Event: 254.074 Thread 0x000001241b3f7dd0 Uncommon trap: reason=unstable_if action=reinterpret pc=0x0000012437f7b0b4 method=java.util.concurrent.ConcurrentLinkedQueue.poll()Ljava/lang/Object; @ 73 c2
Event: 254.074 Thread 0x000001241b3f7dd0 DEOPT PACKING pc=0x0000012437f7b0b4 sp=0x00000018c13fbb50
Event: 254.075 Thread 0x000001241b3f7dd0 DEOPT UNPACKING pc=0x0000012436fe46a2 sp=0x00000018c13fb930 mode 2
Event: 254.898 Thread 0x000001241b3f70b0 Uncommon trap: trap_request=0xffffffde fr.pc=0x0000012437e16eec relative=0x0000000000001ecc
Event: 254.899 Thread 0x000001241b3f70b0 Uncommon trap: reason=class_check action=maybe_recompile pc=0x0000012437e16eec method=org.gradle.api.internal.initialization.transform.MergeInstrumentationAnalysisTransform.doMergeAndOutputAnalysis(Ljava/io/File;Lorg/gradle/api/artifacts/transform/Transfo
Event: 254.899 Thread 0x000001241b3f70b0 DEOPT PACKING pc=0x0000012437e16eec sp=0x00000018c0ffbd60
Event: 254.900 Thread 0x000001241b3f70b0 DEOPT UNPACKING pc=0x0000012436fe46a2 sp=0x00000018c0ffbd40 mode 2

Classes loaded (20 events):
Event: 203.341 Loading class javax/crypto/NoSuchPaddingException
Event: 203.342 Loading class javax/crypto/NoSuchPaddingException done
Event: 203.856 Loading class java/security/cert/CertificateEncodingException
Event: 203.857 Loading class java/security/cert/CertificateEncodingException done
Event: 206.133 Loading class java/text/MessageFormat
Event: 206.134 Loading class java/text/MessageFormat done
Event: 206.135 Loading class java/text/MessageFormat$Field
Event: 206.136 Loading class java/text/MessageFormat$Field done
Event: 206.732 Loading class java/net/UrlDeserializedState
Event: 206.733 Loading class java/net/UrlDeserializedState done
Event: 206.776 Loading class sun/reflect/misc/MethodUtil
Event: 206.777 Loading class sun/reflect/misc/MethodUtil done
Event: 206.778 Loading class sun/reflect/misc/MethodUtil$1
Event: 206.779 Loading class sun/reflect/misc/MethodUtil$1 done
Event: 207.348 Loading class java/time/Instant$1
Event: 207.348 Loading class java/time/Instant$1 done
Event: 207.464 Loading class java/util/concurrent/CompletableFuture$AsyncRun
Event: 207.467 Loading class java/util/concurrent/CompletableFuture$AsyncRun done
Event: 212.446 Loading class jdk/internal/math/FormattedFPDecimal
Event: 212.447 Loading class jdk/internal/math/FormattedFPDecimal done

Classes unloaded (8 events):
Event: 77.983 Thread 0x000001244526ef10 Unloading class 0x000001244801c400 'java/lang/invoke/LambdaForm$DMH+0x000001244801c400'
Event: 127.971 Thread 0x000001244526ef10 Unloading class 0x000001244814d360 '_BuildScript_$_run_closure2$_closure6'
Event: 127.972 Thread 0x000001244526ef10 Unloading class 0x000001244814cf80 '_BuildScript_$_run_closure2$_closure5'
Event: 127.972 Thread 0x000001244526ef10 Unloading class 0x000001244814cba0 '_BuildScript_$_run_closure2$_closure4'
Event: 127.972 Thread 0x000001244526ef10 Unloading class 0x000001244814c7c0 '_BuildScript_$_run_closure2'
Event: 127.972 Thread 0x000001244526ef10 Unloading class 0x000001244814c3e0 '_BuildScript_$_run_closure1$_closure3'
Event: 127.972 Thread 0x000001244526ef10 Unloading class 0x000001244814c000 '_BuildScript_$_run_closure1'
Event: 127.972 Thread 0x000001244526ef10 Unloading class 0x0000012448144000 '_BuildScript_'

Classes redefined (0 events):
No events

Internal exceptions (20 events):
Event: 224.602 Thread 0x0000012400206580 Exception <a 'java/lang/ClassNotFoundException'{0x000000009617fd28}: org/gradle/util/GradleVersionCustomizer> (0x000000009617fd28) 
thrown [s\open\src\hotspot\share\classfile\systemDictionary.cpp, line 312]
Event: 224.626 Thread 0x0000012400206580 Exception <a 'java/lang/ClassNotFoundException'{0x00000000961cbf60}: org/gradle/util/internal/DefaultGradleVersionBeanInfo> (0x00000000961cbf60) 
thrown [s\open\src\hotspot\share\classfile\systemDictionary.cpp, line 312]
Event: 224.627 Thread 0x0000012400206580 Exception <a 'java/lang/ClassNotFoundException'{0x00000000961d36f0}: org/gradle/util/internal/DefaultGradleVersionCustomizer> (0x00000000961d36f0) 
thrown [s\open\src\hotspot\share\classfile\systemDictionary.cpp, line 312]
Event: 225.473 Thread 0x0000012400206580 Exception <a 'sun/nio/fs/WindowsException'{0x0000000095f91c80}> (0x0000000095f91c80) 
thrown [s\open\src\hotspot\share\prims\jni.cpp, line 520]
Event: 226.227 Thread 0x000001241bc18520 Exception <a 'sun/nio/fs/WindowsException'{0x00000000a5582ab0}> (0x00000000a5582ab0) 
thrown [s\open\src\hotspot\share\prims\jni.cpp, line 520]
Event: 240.881 Thread 0x0000012400206580 Exception <a 'sun/nio/fs/WindowsException'{0x00000000a4c72708}> (0x00000000a4c72708) 
thrown [s\open\src\hotspot\share\prims\jni.cpp, line 520]
Event: 240.883 Thread 0x0000012400206580 Exception <a 'sun/nio/fs/WindowsException'{0x00000000a4c73e48}> (0x00000000a4c73e48) 
thrown [s\open\src\hotspot\share\prims\jni.cpp, line 520]
Event: 240.884 Thread 0x0000012400206580 Exception <a 'sun/nio/fs/WindowsException'{0x00000000a4c75578}> (0x00000000a4c75578) 
thrown [s\open\src\hotspot\share\prims\jni.cpp, line 520]
Event: 240.885 Thread 0x0000012400206580 Exception <a 'sun/nio/fs/WindowsException'{0x00000000a4c76c80}> (0x00000000a4c76c80) 
thrown [s\open\src\hotspot\share\prims\jni.cpp, line 520]
Event: 241.231 Thread 0x0000012400206580 Exception <a 'sun/nio/fs/WindowsException'{0x00000000a4bfed08}> (0x00000000a4bfed08) 
thrown [s\open\src\hotspot\share\prims\jni.cpp, line 520]
Event: 241.232 Thread 0x0000012400206580 Exception <a 'sun/nio/fs/WindowsException'{0x00000000a4a188d0}> (0x00000000a4a188d0) 
thrown [s\open\src\hotspot\share\prims\jni.cpp, line 520]
Event: 241.233 Thread 0x0000012400206580 Exception <a 'sun/nio/fs/WindowsException'{0x00000000a4a1a560}> (0x00000000a4a1a560) 
thrown [s\open\src\hotspot\share\prims\jni.cpp, line 520]
Event: 241.234 Thread 0x0000012400206580 Exception <a 'sun/nio/fs/WindowsException'{0x00000000a4a1c1c8}> (0x00000000a4a1c1c8) 
thrown [s\open\src\hotspot\share\prims\jni.cpp, line 520]
Event: 245.322 Thread 0x000001241bc0f320 Exception <a 'sun/nio/fs/WindowsException'{0x00000000a1d1cea8}> (0x00000000a1d1cea8) 
thrown [s\open\src\hotspot\share\prims\jni.cpp, line 520]
Event: 245.324 Thread 0x000001241bc0f320 Exception <a 'sun/nio/fs/WindowsException'{0x00000000a1d1f058}> (0x00000000a1d1f058) 
thrown [s\open\src\hotspot\share\prims\jni.cpp, line 520]
Event: 245.325 Thread 0x000001241bc0f320 Exception <a 'sun/nio/fs/WindowsException'{0x00000000a1d20f98}> (0x00000000a1d20f98) 
thrown [s\open\src\hotspot\share\prims\jni.cpp, line 520]
Event: 245.326 Thread 0x000001241bc0f320 Exception <a 'sun/nio/fs/WindowsException'{0x00000000a1d22bc0}> (0x00000000a1d22bc0) 
thrown [s\open\src\hotspot\share\prims\jni.cpp, line 520]
Event: 245.339 Thread 0x000001241bc0f320 Exception <a 'sun/nio/fs/WindowsException'{0x00000000a1202410}> (0x00000000a1202410) 
thrown [s\open\src\hotspot\share\prims\jni.cpp, line 520]
Event: 245.340 Thread 0x000001241bc0f320 Exception <a 'sun/nio/fs/WindowsException'{0x00000000a12042f0}> (0x00000000a12042f0) 
thrown [s\open\src\hotspot\share\prims\jni.cpp, line 520]
Event: 245.340 Thread 0x000001241bc0f320 Exception <a 'sun/nio/fs/WindowsException'{0x00000000a1205e90}> (0x00000000a1205e90) 
thrown [s\open\src\hotspot\share\prims\jni.cpp, line 520]

ZGC Phase Switch (0 events):
No events

VM Operations (20 events):
Event: 243.756 Executing VM operation: Cleanup
Event: 243.756 Executing VM operation: Cleanup done
Event: 245.756 Executing VM operation: Cleanup
Event: 245.756 Executing VM operation: Cleanup done
Event: 246.756 Executing VM operation: Cleanup
Event: 246.758 Executing VM operation: Cleanup done
Event: 247.758 Executing VM operation: Cleanup
Event: 247.758 Executing VM operation: Cleanup done
Event: 248.758 Executing VM operation: Cleanup
Event: 248.758 Executing VM operation: Cleanup done
Event: 249.759 Executing VM operation: Cleanup
Event: 249.759 Executing VM operation: Cleanup done
Event: 250.759 Executing VM operation: Cleanup
Event: 250.760 Executing VM operation: Cleanup done
Event: 252.760 Executing VM operation: Cleanup
Event: 252.760 Executing VM operation: Cleanup done
Event: 253.761 Executing VM operation: Cleanup
Event: 253.764 Executing VM operation: Cleanup done
Event: 254.765 Executing VM operation: Cleanup
Event: 254.765 Executing VM operation: Cleanup done

Events (20 events):
Event: 248.647 Thread 0x000001240d387a20 Thread added: 0x000001240d387a20
Event: 248.648 Thread 0x000001240d387390 Thread added: 0x000001240d387390
Event: 248.648 Thread 0x000001240d388740 Thread added: 0x000001240d388740
Event: 248.649 Thread 0x000001240d386d00 Thread added: 0x000001240d386d00
Event: 248.650 Thread 0x000001240d388dd0 Thread added: 0x000001240d388dd0
Event: 248.651 Thread 0x000001240d386670 Thread added: 0x000001240d386670
Event: 248.651 Thread 0x000001240d389af0 Thread added: 0x000001240d389af0
Event: 248.652 Thread 0x000001240cf7b520 Thread added: 0x000001240cf7b520
Event: 248.652 Thread 0x000001240cf780a0 Thread added: 0x000001240cf780a0
Event: 249.645 Thread 0x000001241b3f70b0 Thread added: 0x000001241b3f70b0
Event: 249.646 Thread 0x000001241b3f8af0 Thread added: 0x000001241b3f8af0
Event: 249.647 Thread 0x000001241b3f7740 Thread added: 0x000001241b3f7740
Event: 249.651 Thread 0x000001241b3f9180 Thread added: 0x000001241b3f9180
Event: 249.653 Thread 0x000001241b3f7dd0 Thread added: 0x000001241b3f7dd0
Event: 249.657 Thread 0x000001241b3fa530 Thread added: 0x000001241b3fa530
Event: 249.665 Thread 0x000001241b3f9ea0 Thread added: 0x000001241b3f9ea0
Event: 249.668 Thread 0x000001241c90ccd0 Thread added: 0x000001241c90ccd0
Event: 249.670 Thread 0x000001241c90e710 Thread added: 0x000001241c90e710
Event: 249.676 Thread 0x000001241c90d9f0 Thread added: 0x000001241c90d9f0
Event: 249.677 Thread 0x000001241c90d360 Thread added: 0x000001241c90d360


Dynamic libraries:
0x00007ff71ad50000 - 0x00007ff71ad60000 	C:\Program Files\Java\jdk-21\bin\java.exe
0x00007ffc76580000 - 0x00007ffc767e7000 	C:\Windows\SYSTEM32\ntdll.dll
0x00007ffc74f80000 - 0x00007ffc75049000 	C:\Windows\System32\KERNEL32.DLL
0x00007ffc72fd0000 - 0x00007ffc733c4000 	C:\Windows\System32\KERNELBASE.dll
0x00007ffc733d0000 - 0x00007ffc7351b000 	C:\Windows\System32\ucrtbase.dll
0x00007ffc50e10000 - 0x00007ffc50e29000 	C:\Program Files\Java\jdk-21\bin\jli.dll
0x00007ffc759f0000 - 0x00007ffc75aa6000 	C:\Windows\System32\ADVAPI32.dll
0x00007ffc6f590000 - 0x00007ffc6f5ab000 	C:\Program Files\Java\jdk-21\bin\VCRUNTIME140.dll
0x00007ffc75bd0000 - 0x00007ffc75c79000 	C:\Windows\System32\msvcrt.dll
0x00007ffc743d0000 - 0x00007ffc74477000 	C:\Windows\System32\sechost.dll
0x00007ffc758a0000 - 0x00007ffc759b8000 	C:\Windows\System32\RPCRT4.dll
0x00007ffc75fe0000 - 0x00007ffc761a5000 	C:\Windows\System32\USER32.dll
0x00007ffc74250000 - 0x00007ffc74277000 	C:\Windows\System32\win32u.dll
0x00007ffc4edf0000 - 0x00007ffc4f083000 	C:\Windows\WinSxS\amd64_microsoft.windows.common-controls_6595b64144ccf1df_6.0.26100.8115_none_3e075c82e3354f9c\COMCTL32.dll
0x00007ffc75690000 - 0x00007ffc756bb000 	C:\Windows\System32\GDI32.dll
0x00007ffc735d0000 - 0x00007ffc736fb000 	C:\Windows\System32\gdi32full.dll
0x00007ffc73520000 - 0x00007ffc735c3000 	C:\Windows\System32\msvcp_win.dll
0x00007ffc5f220000 - 0x00007ffc5f22b000 	C:\Windows\SYSTEM32\VERSION.dll
0x00007ffc75c80000 - 0x00007ffc75cb2000 	C:\Windows\System32\IMM32.DLL
0x00007ffc43a80000 - 0x00007ffc43b72000 	C:\Program Files\Windhawk\Engine\1.6\64\windhawk.dll
0x00007ffc51de0000 - 0x00007ffc51dec000 	C:\Program Files\Java\jdk-21\bin\vcruntime140_1.dll
0x00007ffbee7d0000 - 0x00007ffbee85e000 	C:\Program Files\Java\jdk-21\bin\msvcp140.dll
0x00007ffbd42f0000 - 0x00007ffbd500d000 	C:\Program Files\Java\jdk-21\bin\server\jvm.dll
0x00007ffc75ed0000 - 0x00007ffc75f50000 	C:\Windows\System32\WS2_32.dll
0x00007ffc72cd0000 - 0x00007ffc72d2e000 	C:\Windows\SYSTEM32\POWRPROF.dll
0x00007ffc70220000 - 0x00007ffc70256000 	C:\Windows\SYSTEM32\WINMM.dll
0x00007ffc72c90000 - 0x00007ffc72ca4000 	C:\Windows\SYSTEM32\UMPDC.dll
0x00007ffc71ba0000 - 0x00007ffc71bbb000 	C:\Windows\SYSTEM32\kernel.appcore.dll
0x00007ffc50c90000 - 0x00007ffc50c9a000 	C:\Program Files\Java\jdk-21\bin\jimage.dll
0x00007ffc709c0000 - 0x00007ffc70c02000 	C:\Windows\SYSTEM32\DBGHELP.DLL
0x00007ffc74480000 - 0x00007ffc74802000 	C:\Windows\System32\combase.dll
0x00007ffc75cc0000 - 0x00007ffc75d98000 	C:\Windows\System32\OLEAUT32.dll
0x00007ffc48c10000 - 0x00007ffc48c4b000 	C:\Windows\SYSTEM32\dbgcore.DLL
0x00007ffc73700000 - 0x00007ffc737a5000 	C:\Windows\System32\bcryptPrimitives.dll
0x00007ffc50c80000 - 0x00007ffc50c8f000 	C:\Program Files\Java\jdk-21\bin\instrument.dll
0x00007ffc458a0000 - 0x00007ffc458bf000 	C:\Program Files\Java\jdk-21\bin\java.dll
0x00007ffc74810000 - 0x00007ffc74f77000 	C:\Windows\System32\SHELL32.dll
0x00007ffc740e0000 - 0x00007ffc7424a000 	C:\Windows\System32\wintypes.dll
0x00007ffc737b0000 - 0x00007ffc74018000 	C:\Windows\System32\windows.storage.dll
0x00007ffc75dd0000 - 0x00007ffc75ec8000 	C:\Windows\System32\SHCORE.dll
0x00007ffc75b60000 - 0x00007ffc75bc6000 	C:\Windows\System32\shlwapi.dll
0x00007ffc72d70000 - 0x00007ffc72d99000 	C:\Windows\SYSTEM32\profapi.dll
0x00007ffbddeb0000 - 0x00007ffbddf87000 	C:\Program Files\Java\jdk-21\bin\jsvml.dll
0x00007ffc3c4e0000 - 0x00007ffc3c4f8000 	C:\Program Files\Java\jdk-21\bin\zip.dll
0x00007ffc4fb80000 - 0x00007ffc4fb90000 	C:\Program Files\Java\jdk-21\bin\net.dll
0x00007ffc6ca30000 - 0x00007ffc6cb5d000 	C:\Windows\SYSTEM32\WINHTTP.dll
0x00007ffc720f0000 - 0x00007ffc7215c000 	C:\Windows\system32\mswsock.dll
0x00007ffc2a260000 - 0x00007ffc2a276000 	C:\Program Files\Java\jdk-21\bin\nio.dll
0x00007ffc45a30000 - 0x00007ffc45a40000 	C:\Program Files\Java\jdk-21\bin\verify.dll
0x00007ffc6b910000 - 0x00007ffc6b937000 	C:\Users\PC\.gradle\native\1def1411415f61bf3af743bc5b6707747c0891f09f0c88961ee8f79bc544acac\windows-amd64\native-platform.dll
0x00007ffc35b00000 - 0x00007ffc35b78000 	C:\Users\PC\.gradle\native\0.2.7\x86_64-windows-gnu\gradle-fileevents.dll
0x00007ffc45890000 - 0x00007ffc4589a000 	C:\Program Files\Java\jdk-21\bin\management.dll
0x00007ffc3d860000 - 0x00007ffc3d86b000 	C:\Program Files\Java\jdk-21\bin\management_ext.dll
0x00007ffc75680000 - 0x00007ffc75688000 	C:\Windows\System32\PSAPI.DLL
0x00007ffc71580000 - 0x00007ffc715b2000 	C:\Windows\SYSTEM32\IPHLPAPI.DLL
0x00007ffc759c0000 - 0x00007ffc759ca000 	C:\Windows\System32\NSI.dll
0x00007ffc38060000 - 0x00007ffc38069000 	C:\Program Files\Java\jdk-21\bin\extnet.dll
0x00007ffc724f0000 - 0x00007ffc7250b000 	C:\Windows\SYSTEM32\CRYPTSP.dll
0x00007ffc71b00000 - 0x00007ffc71b39000 	C:\Windows\system32\rsaenh.dll
0x00007ffc721a0000 - 0x00007ffc721d3000 	C:\Windows\SYSTEM32\USERENV.dll
0x00007ffc72d40000 - 0x00007ffc72d6a000 	C:\Windows\SYSTEM32\bcrypt.dll
0x00007ffc72350000 - 0x00007ffc7235c000 	C:\Windows\SYSTEM32\CRYPTBASE.dll
0x00007ffc35260000 - 0x00007ffc3526e000 	C:\Program Files\Java\jdk-21\bin\sunmscapi.dll
0x00007ffc72650000 - 0x00007ffc72680000 	C:\Windows\SYSTEM32\ncrypt.dll
0x0000012401570000 - 0x00000124016e7000 	C:\Windows\System32\CRYPT32.dll
0x00007ffc72600000 - 0x00007ffc7263f000 	C:\Windows\SYSTEM32\NTASN1.dll
0x00007ffc3c2e0000 - 0x00007ffc3c2e8000 	C:\Windows\system32\wshunix.dll
0x00007ffc46090000 - 0x00007ffc460a8000 	C:\Windows\system32\napinsp.dll
0x00007ffc715c0000 - 0x00007ffc716f2000 	C:\Windows\SYSTEM32\DNSAPI.dll
0x00007ffc46160000 - 0x00007ffc46173000 	C:\Windows\System32\winrnr.dll
0x00007ffc46130000 - 0x00007ffc46152000 	C:\Windows\system32\nlansp_c.dll
0x00007ffc6a270000 - 0x00007ffc6a286000 	C:\Windows\system32\wshbth.dll
0x00007ffc6b940000 - 0x00007ffc6b94b000 	C:\Windows\System32\rasadhlp.dll
0x00007ffc6d240000 - 0x00007ffc6d2c6000 	C:\Windows\System32\fwpuclnt.dll

dbghelp: loaded successfully - version: 4.0.5 - missing functions: none
symbol engine: initialized successfully - sym options: 0x614 - pdb path: .;C:\Program Files\Java\jdk-21\bin;C:\Windows\SYSTEM32;C:\Windows\WinSxS\amd64_microsoft.windows.common-controls_6595b64144ccf1df_6.0.26100.8115_none_3e075c82e3354f9c;C:\Program Files\Windhawk\Engine\1.6\64;C:\Program Files\Java\jdk-21\bin\server;C:\Users\PC\.gradle\native\1def1411415f61bf3af743bc5b6707747c0891f09f0c88961ee8f79bc544acac\windows-amd64;C:\Users\PC\.gradle\native\0.2.7\x86_64-windows-gnu

VM Arguments:
jvm_args: --add-opens=java.base/java.lang=ALL-UNNAMED --add-opens=java.base/java.lang.invoke=ALL-UNNAMED --add-opens=java.base/java.util=ALL-UNNAMED --add-opens=java.prefs/java.util.prefs=ALL-UNNAMED --add-exports=jdk.compiler/com.sun.tools.javac.api=ALL-UNNAMED --add-exports=jdk.compiler/com.sun.tools.javac.util=ALL-UNNAMED --add-opens=java.base/java.util=ALL-UNNAMED --add-opens=java.prefs/java.util.prefs=ALL-UNNAMED --add-opens=java.base/java.nio.charset=ALL-UNNAMED --add-opens=java.base/java.net=ALL-UNNAMED --add-opens=java.base/java.util.concurrent.atomic=ALL-UNNAMED --add-opens=java.xml/javax.xml.namespace=ALL-UNNAMED -XX:MaxMetaspaceSize=1G -XX:ReservedCodeCacheSize=256m -XX:+HeapDumpOnOutOfMemoryError -Xmx2G -Dfile.encoding=UTF-8 -Duser.country=US -Duser.language=en -Duser.variant -javaagent:C:\Users\PC\.gradle\wrapper\dists\gradle-8.13-all\54h0s9kvb6g2sinako7ub77ku\gradle-8.13\lib\agents\gradle-instrumentation-agent-8.13.jar 
java_command: org.gradle.launcher.daemon.bootstrap.GradleDaemon 8.13
java_class_path (initial): C:\Users\PC\.gradle\wrapper\dists\gradle-8.13-all\54h0s9kvb6g2sinako7ub77ku\gradle-8.13\lib\gradle-daemon-main-8.13.jar
Launcher Type: SUN_STANDARD

[Global flags]
     intx CICompilerCount                          = 4                                         {product} {ergonomic}
   size_t CompressedClassSpaceSize                 = 872415232                                 {product} {ergonomic}
     uint ConcGCThreads                            = 3                                         {product} {ergonomic}
     uint G1ConcRefinementThreads                  = 10                                        {product} {ergonomic}
   size_t G1HeapRegionSize                         = 1048576                                   {product} {ergonomic}
    uintx GCDrainStackTargetSize                   = 64                                        {product} {ergonomic}
     bool HeapDumpOnOutOfMemoryError               = true                                   {manageable} {command line}
   size_t InitialHeapSize                          = 130023424                                 {product} {ergonomic}
   size_t MarkStackSize                            = 4194304                                   {product} {ergonomic}
   size_t MaxHeapSize                              = 2147483648                                {product} {command line}
   size_t MaxMetaspaceSize                         = 1073741824                                {product} {command line}
   size_t MaxNewSize                               = 1287651328                                {product} {ergonomic}
   size_t MinHeapDeltaBytes                        = 1048576                                   {product} {ergonomic}
   size_t MinHeapSize                              = 8388608                                   {product} {ergonomic}
    uintx NonNMethodCodeHeapSize                   = 5839372                                {pd product} {ergonomic}
    uintx NonProfiledCodeHeapSize                  = 131298042                              {pd product} {ergonomic}
    uintx ProfiledCodeHeapSize                     = 131298042                              {pd product} {ergonomic}
    uintx ReservedCodeCacheSize                    = 268435456                              {pd product} {command line}
     bool SegmentedCodeCache                       = true                                      {product} {ergonomic}
   size_t SoftMaxHeapSize                          = 2147483648                             {manageable} {ergonomic}
     bool UseCompressedOops                        = true                           {product lp64_product} {ergonomic}
     bool UseG1GC                                  = true                                      {product} {ergonomic}
     bool UseLargePagesIndividualAllocation        = false                                  {pd product} {ergonomic}

Logging:
Log output configuration:
 #0: stdout all=warning uptime,level,tags foldmultilines=false
 #1: stderr all=off uptime,level,tags foldmultilines=false

Environment Variables:
JAVA_HOME=C:\Program Files\Java\jdk-25
PATH=C:\oracle\client19c\WINDOWS.X64_193000_client_home\bin;C:\Program Files\Common Files\Oracle\Java\javapath;C:\Program Files (x86)\Common Files\Oracle\Java\javapath;C:\Windows\system32;C:\Windows;C:\Windows\System32\Wbem;C:\Windows\System32\WindowsPowerShell\v1.0\;C:\Windows\System32\OpenSSH\;C:\Program Files (x86)\dotnet\;C:\wamp64\bin\php\php7.4.33;C:\ProgramData\ComposerSetup\bin;C:\Program Files\dotnet\;%JAVA_HOME%\bin;C:\Program Files\Git\cmd;C:\Program Files\nodejs\;C:\Program Files\MongoDB\Server\8.2\bin;C:\Users\PC\AppData\Local\Programs\Python\Python312;C:\Users\PC\AppData\Local\Programs\Python\Python312\Scripts;C:\Program Files\Docker\Docker\resources\bin;C:\Program Files\cursor\resources\app\bin;C:\Program Files\Maven\apache-maven-3.9.14\bin;C:\Users\PC\AppData\Local\Programs\Python\Launcher\;C:\Users\PC\AppData\Local\Microsoft\WindowsApps;C:\Users\PC\AppData\Roaming\Composer\vendor\bin;C:\Users\PC\AppData\Local\Muse Hub\lib;C:\Users\PC\AppData\Local\Programs\Microsoft VS Code\bin;C:\Users\PC\AppData\Roaming\npm;C:\Users\PC\AppData\Local\GitHubDesktop\bin;C:\src\flutter\bin;C:\Users\PC\AppData\Local\Programs\Antigravity\bin;C:\Program Files\Apache\Maven\apache-maven-3.9.14\bin;C:\Program Files (x86)\Nmap
USERNAME=PC
OS=Windows_NT
PROCESSOR_IDENTIFIER=Intel64 Family 6 Model 154 Stepping 4, GenuineIntel
TMP=C:\Users\PC\AppData\Local\Temp
TEMP=C:\Users\PC\AppData\Local\Temp




Periodic native trim disabled

---------------  S Y S T E M  ---------------

OS:
 Windows 11 , 64 bit Build 26100 (10.0.26100.8246)
OS uptime: 0 days 1:01 hours
Hyper-V role detected

CPU: total 12 (initial active 12) (6 cores per cpu, 2 threads per core) family 6 model 154 stepping 4 microcode 0x42c, cx8, cmov, fxsr, ht, mmx, 3dnowpref, sse, sse2, sse3, ssse3, sse4.1, sse4.2, popcnt, lzcnt, tsc, tscinvbit, avx, avx2, aes, erms, clmul, bmi1, bmi2, adx, sha, fma, vzeroupper, clflush, clflushopt, clwb, hv, serialize, rdtscp, rdpid, fsrm, f16c, cet_ibt, cet_ss
Processor Information for processor 0
  Max Mhz: 1300, Current Mhz: 1300, Mhz Limit: 1300
Processor Information for processor 1
  Max Mhz: 1300, Current Mhz: 1300, Mhz Limit: 1300
Processor Information for processor 2
  Max Mhz: 1300, Current Mhz: 1300, Mhz Limit: 1300
Processor Information for processor 3
  Max Mhz: 1300, Current Mhz: 1300, Mhz Limit: 1300
Processor Information for processor 4
  Max Mhz: 1300, Current Mhz: 900, Mhz Limit: 897
Processor Information for processor 5
  Max Mhz: 1300, Current Mhz: 900, Mhz Limit: 897
Processor Information for processor 6
  Max Mhz: 1300, Current Mhz: 900, Mhz Limit: 897
Processor Information for processor 7
  Max Mhz: 1300, Current Mhz: 900, Mhz Limit: 897
Processor Information for processor 8
  Max Mhz: 1300, Current Mhz: 900, Mhz Limit: 897
Processor Information for processor 9
  Max Mhz: 1300, Current Mhz: 900, Mhz Limit: 897
Processor Information for processor 10
  Max Mhz: 1300, Current Mhz: 900, Mhz Limit: 897
Processor Information for processor 11
  Max Mhz: 1300, Current Mhz: 900, Mhz Limit: 897

Memory: 4k page, system-wide physical 7863M (588M free)
TotalPageFile size 20151M (AvailPageFile size 55M)
current process WorkingSet (physical memory assigned to process): 291M, peak: 945M
current process commit charge ("private bytes"): 1182M, peak: 1186M

vm_info: Java HotSpot(TM) 64-Bit Server VM (21.0.8+12-LTS-250) for windows-amd64 JRE (21.0.8+12-LTS-250), built on 2025-06-27T08:11:22Z by "mach5one" with MS VC++ 17.6 (VS2022)

END.
